IncidentID,num_vehicles_involved,eCollisionManner,Longitude,Latitude,InjurySeverity,eIntersectionType,eCollisionManner,city_name,IncidentDateTime,cyclist_citations,driver_citations
2398690,2,ANGLE_FRONT_TO_SIDE,-110.972097950705,32.2707513592552,2,NOT_AT_INTERSECTION_0,ANGLE_FRONT_TO_SIDE,TUCSON,2010-03-04 15:37:00,NO_IMPROPER_ACTION,FAILED_TO_YIELD_RIGHT_OF_WAY_103
2398707,2,LEFT_TURN,-110.900864559562,32.2069941558544,4,FOUR_WAY_INTERSECTION,LEFT_TURN,TUCSON,2010-03-01 20:36:00,NO_IMPROPER_ACTION,FAILED_TO_YIELD_RIGHT_OF_WAY_103+NOT_APPLICABLE_MINUS_1+NOT_APPLICABLE_MINUS_1
2398720,2,OTHER_97,-110.977332092725,32.1550757159115,2,NOT_AT_INTERSECTION_0,OTHER_97,TUCSON,2010-03-01 14:18:00,UNKNOWN_99,UNKNOWN_99
2398745,2,ANGLE_FRONT_TO_SIDE,-110.993679975155,32.2503667267417,2,FOUR_WAY_INTERSECTION,ANGLE_FRONT_TO_SIDE,TUCSON,2010-03-06 22:20:00,FAILED_TO_YIELD_RIGHT_OF_WAY_103,UNKNOWN_99
2398769,2,ANGLE_FRONT_TO_SIDE,-110.909450004693,32.1994982842139,2,FOUR_WAY_INTERSECTION,ANGLE_FRONT_TO_SIDE,TUCSON,2010-03-17 18:17:00,NO_IMPROPER_ACTION,INATTENTION_DISTRACTION
2398809,2,ANGLE_FRONT_TO_SIDE,-110.948082208392,32.2277989876301,3,T_INTERSECTION,ANGLE_FRONT_TO_SIDE,TUCSON,2010-03-05 15:38:00,NO_IMPROPER_ACTION,NO_IMPROPER_ACTION
2398853,2,ANGLE_FRONT_TO_SIDE,-110.945411168502,32.2499677368983,4,FOUR_WAY_INTERSECTION,ANGLE_FRONT_TO_SIDE,TUCSON,2010-03-07 19:22:00,UNKNOWN_99,UNKNOWN_99
2398895,2,LEFT_TURN,-110.965471205934,32.2503609008652,1,FOUR_WAY_INTERSECTION,LEFT_TURN,TUCSON,2010-03-19 09:51:00,UNKNOWN_99,NO_IMPROPER_ACTION
2398921,2,SIDESWIPE_OPPOSITE_DIRECTION,-111.007547886401,32.1338443856452,2,FOUR_WAY_INTERSECTION,SIDESWIPE_OPPOSITE_DIRECTION,TUCSON,2010-03-17 23:01:00,OTHER_97,NO_IMPROPER_ACTION+NOT_APPLICABLE_MINUS_1+NOT_APPLICABLE_MINUS_1
2398951,2,SIDESWIPE_SAME_DIRECTION,-110.971098255859,32.2229080879686,3,NOT_AT_INTERSECTION_0,SIDESWIPE_SAME_DIRECTION,TUCSON,2010-03-15 11:44:00,OTHER_97,NO_IMPROPER_ACTION
2398955,2,ANGLE_FRONT_TO_SIDE,-110.97211156128,32.2722618834667,3,NOT_AT_INTERSECTION_0,ANGLE_FRONT_TO_SIDE,TUCSON,2010-03-15 15:05:00,FAILED_TO_KEEP_IN_PROPER_LANE,FAILED_TO_YIELD_RIGHT_OF_WAY_103
2398958,2,REAR_END,-110.832412259474,32.206444870446,3,FOUR_WAY_INTERSECTION,REAR_END,TUCSON,2010-03-15 14:15:00,NO_IMPROPER_ACTION,FOLLOWED_TOO_CLOSELY
2398981,2,SIDESWIPE_OPPOSITE_DIRECTION,-110.840937770477,32.1990136806789,1,FOUR_WAY_INTERSECTION,SIDESWIPE_OPPOSITE_DIRECTION,TUCSON,2010-03-18 08:56:00,DISREGARDED_TRAFFIC_SIGNAL,NO_IMPROPER_ACTION
2398982,2,ANGLE_FRONT_TO_SIDE,-110.82219285503,32.2175110318586,4,NOT_AT_INTERSECTION_0,ANGLE_FRONT_TO_SIDE,TUCSON,2010-03-15 12:15:00,FAILED_TO_YIELD_RIGHT_OF_WAY_103,NOT_APPLICABLE_MINUS_1+NO_IMPROPER_ACTION
2399057,2,ANGLE_FRONT_TO_SIDE,-110.926632334708,32.221560795955,1,FOUR_WAY_INTERSECTION,ANGLE_FRONT_TO_SIDE,TUCSON,2010-03-14 17:31:00,DISREGARDED_TRAFFIC_SIGNAL,NOT_APPLICABLE_MINUS_1+NOT_APPLICABLE_MINUS_1+NO_IMPROPER_ACTION
2399103,2,SIDESWIPE_SAME_DIRECTION,-110.994381215712,32.2721367540589,3,NOT_AT_INTERSECTION_0,SIDESWIPE_SAME_DIRECTION,TUCSON,2010-03-12 14:41:00,OTHER_UNSAFE_PASSING,NO_IMPROPER_ACTION
2399141,2,ANGLE_FRONT_TO_SIDE,-112.186199497408,33.574683386534,3,FOUR_WAY_INTERSECTION,ANGLE_FRONT_TO_SIDE,GLENDALE,2010-03-30 12:35:00,NO_IMPROPER_ACTION,FAILED_TO_YIELD_RIGHT_OF_WAY_103
2399179,2,ANGLE_FRONT_TO_SIDE,-110.945155638024,32.2214159073541,3,T_INTERSECTION,ANGLE_FRONT_TO_SIDE,TUCSON,2010-03-21 09:02:00,NO_IMPROPER_ACTION,MADE_IMPROPER_TURN
2399303,2,OTHER_97,-110.992876683235,32.2245911796861,4,FOUR_WAY_INTERSECTION,OTHER_97,TUCSON,2010-03-24 12:40:00,NO_IMPROPER_ACTION,RAN_STOP_SIGN
2399384,2,ANGLE_FRONT_TO_SIDE,-110.939470181272,32.2214985229369,1,FOUR_WAY_INTERSECTION,ANGLE_FRONT_TO_SIDE,TUCSON,2010-03-25 16:55:00,NO_IMPROPER_ACTION,FAILED_TO_YIELD_RIGHT_OF_WAY_103+NOT_APPLICABLE_MINUS_1+NOT_APPLICABLE_MINUS_1
2399393,2,OTHER_97,-110.977299787872,32.1550755282766,3,NOT_AT_INTERSECTION_0,OTHER_97,TUCSON,2010-03-27 16:00:00,DID_NOT_USE_CROSSWALK,NO_IMPROPER_ACTION
2399405,2,OTHER_97,-110.960974754629,32.2238317205749,2,FOUR_WAY_INTERSECTION,OTHER_97,TUCSON,2010-03-25 15:17:00,UNKNOWN_99,UNKNOWN_99
2399412,2,ANGLE_FRONT_TO_SIDE,-110.933871682986,32.231828896998,3,FOUR_WAY_INTERSECTION,ANGLE_FRONT_TO_SIDE,TUCSON,2010-03-25 15:35:00,NO_IMPROPER_ACTION,FAILED_TO_YIELD_RIGHT_OF_WAY_103
2399579,2,SIDESWIPE_OPPOSITE_DIRECTION,-110.990521170554,32.2295311010631,4,NOT_AT_INTERSECTION_0,SIDESWIPE_OPPOSITE_DIRECTION,TUCSON,2010-03-30 07:44:00,NO_IMPROPER_ACTION,INATTENTION_DISTRACTION
2399610,2,ANGLE_FRONT_TO_SIDE,-112.082562954496,33.4514095620088,2,FIVE_POINT_OR_MORE,ANGLE_FRONT_TO_SIDE,PHOENIX,2010-03-04 04:43:00,NO_IMPROPER_ACTION,FAILED_TO_YIELD_RIGHT_OF_WAY_103
2399709,2,ANGLE_FRONT_TO_SIDE,-112.05424827619,33.4657467832962,2,FOUR_WAY_INTERSECTION,ANGLE_FRONT_TO_SIDE,PHOENIX,2010-03-04 14:31:00,SPEED_TOO_FAST_FOR_CONDITIONS,NO_IMPROPER_ACTION
2399759,2,ANGLE_FRONT_TO_SIDE,-112.203176198512,33.5050966692669,2,T_INTERSECTION,ANGLE_FRONT_TO_SIDE,PHOENIX,2010-03-06 17:12:00,INATTENTION_DISTRACTION,NO_IMPROPER_ACTION
2399889,2,HEAD_ON,-112.030676014444,33.6318368951073,1,FOUR_WAY_INTERSECTION,HEAD_ON,PHOENIX,2010-03-06 19:30:00,FAILED_TO_YIELD_RIGHT_OF_WAY_103,NO_IMPROPER_ACTION
2399914,2,SIDESWIPE_SAME_DIRECTION,-112.107698891663,33.4558112744982,4,NOT_AT_INTERSECTION_0,SIDESWIPE_SAME_DIRECTION,PHOENIX,2010-03-01 10:00:00,UNSAFE_LANE_CHANGE,NO_IMPROPER_ACTION+NOT_APPLICABLE_MINUS_1
2400069,2,ANGLE_FRONT_TO_SIDE,-112.043453716834,33.6077296083682,3,T_INTERSECTION,ANGLE_FRONT_TO_SIDE,PHOENIX,2010-03-17 08:27:00,DISREGARDED_TRAFFIC_SIGNAL,NO_IMPROPER_ACTION
2400155,2,ANGLE_FRONT_TO_SIDE,-112.108208928062,33.5603493376817,2,FOUR_WAY_INTERSECTION,ANGLE_FRONT_TO_SIDE,PHOENIX,2010-03-17 21:10:00,OTHER_97,NOT_APPLICABLE_MINUS_1+NO_IMPROPER_ACTION+NOT_APPLICABLE_MINUS_1
2400180,2,OTHER_97,-112.04759785069,33.4982891925565,2,T_INTERSECTION,OTHER_97,PHOENIX,2010-03-19 11:11:00,NO_IMPROPER_ACTION,FAILED_TO_YIELD_RIGHT_OF_WAY_103
2400208,2,ANGLE_FRONT_TO_SIDE,-112.036670937764,33.4412851940646,3,T_INTERSECTION,ANGLE_FRONT_TO_SIDE,PHOENIX,2010-03-11 04:54:00,FAILED_TO_YIELD_RIGHT_OF_WAY_103,NO_IMPROPER_ACTION
2400209,2,ANGLE_FRONT_TO_SIDE,-112.073920949882,33.4717468750766,3,NOT_AT_INTERSECTION_0,ANGLE_FRONT_TO_SIDE,PHOENIX,2010-03-17 10:30:00,FAILED_TO_YIELD_RIGHT_OF_WAY_103,NOT_APPLICABLE_MINUS_1+NO_IMPROPER_ACTION
2400223,2,SIDESWIPE_SAME_DIRECTION,-112.169642368218,33.4698962527422,3,NOT_AT_INTERSECTION_0,SIDESWIPE_SAME_DIRECTION,PHOENIX,2010-03-19 19:06:00,INATTENTION_DISTRACTION,NO_IMPROPER_ACTION
2400353,2,SIDESWIPE_SAME_DIRECTION,-112.013443295548,33.6115260096688,2,FOUR_WAY_INTERSECTION,SIDESWIPE_SAME_DIRECTION,PHOENIX,2010-03-18 18:55:00,OTHER_97,FAILED_TO_YIELD_RIGHT_OF_WAY_103
2400364,2,ANGLE_FRONT_TO_SIDE,-112.057793213389,33.5749403507066,2,FOUR_WAY_INTERSECTION,ANGLE_FRONT_TO_SIDE,PHOENIX,2010-03-15 18:07:00,NO_IMPROPER_ACTION,UNKNOWN_99
2400378,2,ANGLE_FRONT_TO_SIDE,-111.977321257321,33.6151748167432,3,NOT_AT_INTERSECTION_0,ANGLE_FRONT_TO_SIDE,PHOENIX,2010-03-12 07:46:00,FAILED_TO_YIELD_RIGHT_OF_WAY_103,NO_IMPROPER_ACTION
2400558,2,OTHER_97,-112.034609207462,33.5020506841926,3,FOUR_WAY_INTERSECTION,OTHER_97,PHOENIX,2010-03-28 15:52:00,RAN_STOP_SIGN,NO_IMPROPER_ACTION
2400569,2,ANGLE_FRONT_TO_SIDE,-112.119887328288,33.5941570390556,4,FOUR_WAY_INTERSECTION,ANGLE_FRONT_TO_SIDE,PHOENIX,2010-03-27 16:23:00,DROVE_RODE_IN_OPPOSING_TRAFFIC_LANE,NO_IMPROPER_ACTION
2400661,2,ANGLE_FRONT_TO_SIDE,-112.119649316494,33.6108424518872,2,NOT_AT_INTERSECTION_0,ANGLE_FRONT_TO_SIDE,PHOENIX,2010-03-16 05:03:00,NO_IMPROPER_ACTION,FAILED_TO_YIELD_RIGHT_OF_WAY_103
2400706,2,ANGLE_FRONT_TO_SIDE,-112.012528248201,33.4585515867904,2,NOT_AT_INTERSECTION_0,ANGLE_FRONT_TO_SIDE,PHOENIX,2010-03-30 16:29:00,NO_IMPROPER_ACTION,FAILED_TO_YIELD_RIGHT_OF_WAY_103
2400735,2,ANGLE_FRONT_TO_SIDE,-112.047764371239,33.4367830950172,1,FOUR_WAY_INTERSECTION,ANGLE_FRONT_TO_SIDE,PHOENIX,2010-03-16 16:39:00,UNKNOWN_99,OTHER_97
2400752,2,OTHER_97,-112.083459319378,33.4948793661131,2,FOUR_WAY_INTERSECTION,OTHER_97,PHOENIX,2010-03-19 18:50:00,INATTENTION_DISTRACTION,NO_IMPROPER_ACTION
2400838,2,ANGLE_FRONT_TO_SIDE,-112.082547147359,33.44831374592,3,FOUR_WAY_INTERSECTION,ANGLE_FRONT_TO_SIDE,PHOENIX,2010-03-25 22:07:00,DISREGARDED_TRAFFIC_SIGNAL,NO_IMPROPER_ACTION
2400854,2,SIDESWIPE_SAME_DIRECTION,-111.980419736165,33.3491250036694,4,FOUR_WAY_INTERSECTION,SIDESWIPE_SAME_DIRECTION,PHOENIX,2010-03-25 07:27:00,NO_IMPROPER_ACTION,MADE_IMPROPER_TURN
2400948,2,SIDESWIPE_SAME_DIRECTION,-111.657692698103,33.4173487904291,4,FOUR_WAY_INTERSECTION,SIDESWIPE_SAME_DIRECTION,UNSPECIFIED_999,2010-03-01 15:00:00,RAN_STOP_SIGN,NO_IMPROPER_ACTION
2400984,2,SIDESWIPE_OPPOSITE_DIRECTION,-112.272891736371,33.6339923432395,4,FOUR_WAY_INTERSECTION,SIDESWIPE_OPPOSITE_DIRECTION,UNSPECIFIED_999,2010-03-19 13:30:00,DISREGARDED_TRAFFIC_SIGNAL,INATTENTION_DISTRACTION
2400998,2,LEFT_TURN,-111.714015628338,33.6066859266248,3,FOUR_WAY_INTERSECTION,LEFT_TURN,FOUNTAIN HILLS,2010-03-19 13:09:00,NO_IMPROPER_ACTION,FAILED_TO_YIELD_RIGHT_OF_WAY_103
2401004,2,SIDESWIPE_SAME_DIRECTION,-112.087124419104,33.6640830362294,3,T_INTERSECTION,SIDESWIPE_SAME_DIRECTION,PHOENIX,2010-03-31 19:54:00,OTHER_97,OTHER_97
2401009,2,LEFT_TURN,-112.030736612227,33.6695601354772,2,NOT_AT_INTERSECTION_0,LEFT_TURN,PHOENIX,2010-03-31 20:34:00,DID_NOT_USE_CROSSWALK,NO_IMPROPER_ACTION
2401018,2,SIDESWIPE_SAME_DIRECTION,-111.651727389254,33.2305180067605,2,UNKNOWN_99,SIDESWIPE_SAME_DIRECTION,QUEEN CREEK,2010-03-27 21:09:00,FAILED_TO_KEEP_IN_PROPER_LANE,NO_IMPROPER_ACTION
2401313,2,ANGLE_FRONT_TO_SIDE,-111.954462336851,33.3665458595748,4,T_INTERSECTION,ANGLE_FRONT_TO_SIDE,TEMPE,2010-12-01 11:11:00,DROVE_RODE_IN_OPPOSING_TRAFFIC_LANE,NOT_APPLICABLE_MINUS_1+NOT_APPLICABLE_MINUS_1+NO_IMPROPER_ACTION+NOT_APPLICABLE_MINUS_1+NOT_APPLICABLE_MINUS_1
2401427,2,ANGLE_FRONT_TO_SIDE,-111.859072046376,33.3350844356245,3,NOT_AT_INTERSECTION_0,ANGLE_FRONT_TO_SIDE,CHANDLER,2010-03-05 10:57:00,OTHER_97,NO_IMPROPER_ACTION
2401550,2,ANGLE_FRONT_TO_SIDE,-112.073813097798,33.4482410804499,3,FOUR_WAY_INTERSECTION,ANGLE_FRONT_TO_SIDE,CHANDLER,2010-03-26 13:44:00,DROVE_RODE_IN_OPPOSING_TRAFFIC_LANE,NO_IMPROPER_ACTION
2401551,2,SIDESWIPE_SAME_DIRECTION,-111.647887357975,33.5356406532258,3,NOT_AT_INTERSECTION_0,SIDESWIPE_SAME_DIRECTION,UNSPECIFIED_999,2010-03-27 09:05:00,NO_IMPROPER_ACTION,NOT_APPLICABLE_MINUS_1+OTHER_UNSAFE_PASSING
2401565,2,ANGLE_FRONT_TO_SIDE,-112.073840147991,33.451494202998,1,FOUR_WAY_INTERSECTION,ANGLE_FRONT_TO_SIDE,PHOENIX,2010-03-29 10:26:00,FAILED_TO_YIELD_RIGHT_OF_WAY_103,NO_IMPROPER_ACTION
2401622,2,OTHER_97,-112.160297801572,33.567538534603,3,FOUR_WAY_INTERSECTION,OTHER_97,GLENDALE,2010-03-21 14:14:00,NO_IMPROPER_ACTION,FAILED_TO_YIELD_RIGHT_OF_WAY_103
2401685,2,OTHER_97,-112.013599748557,33.6335410803043,3,FOUR_WAY_INTERSECTION,OTHER_97,PHOENIX,2010-03-19 15:28:00,NO_IMPROPER_ACTION,FAILED_TO_YIELD_RIGHT_OF_WAY_103
2401765,2,ANGLE_FRONT_TO_SIDE,-111.941650801415,33.3053543570271,1,NOT_AT_INTERSECTION_0,ANGLE_FRONT_TO_SIDE,CHANDLER,2010-03-22 20:30:00,UNKNOWN_99,FAILED_TO_YIELD_RIGHT_OF_WAY_103+NOT_APPLICABLE_MINUS_1
2402145,2,ANGLE_FRONT_TO_SIDE,-111.945377934824,33.2927040721107,3,FOUR_WAY_INTERSECTION,ANGLE_FRONT_TO_SIDE,CHANDLER,2010-04-01 07:55:00,DISREGARDED_TRAFFIC_SIGNAL,INATTENTION_DISTRACTION
2402253,2,OTHER_97,-110.96971551511,31.9784612966926,1,T_INTERSECTION,OTHER_97,SAHUARITA,2010-04-03 17:56:00,UNKNOWN_99,NO_IMPROPER_ACTION
2402348,2,OTHER_97,-111.891193331958,33.8138216000216,4,FOUR_WAY_INTERSECTION,OTHER_97,SCOTTSDALE,2010-04-03 09:33:00,RAN_STOP_SIGN,NOT_APPLICABLE_MINUS_1+NO_IMPROPER_ACTION
2402765,2,ANGLE_FRONT_TO_SIDE,-111.7555304628,33.3067432152433,2,NOT_AT_INTERSECTION_0,ANGLE_FRONT_TO_SIDE,GILBERT,2010-04-03 19:30:00,SPEED_TOO_FAST_FOR_CONDITIONS,NOT_APPLICABLE_MINUS_1+NO_IMPROPER_ACTION
2402939,2,ANGLE_FRONT_TO_SIDE,-111.765977904588,33.4226970045761,3,NOT_AT_INTERSECTION_0,ANGLE_FRONT_TO_SIDE,MESA,2010-04-02 11:16:00,NO_IMPROPER_ACTION,NO_IMPROPER_ACTION
2402942,2,ANGLE_FRONT_TO_SIDE,-111.762306655781,33.4373219133455,5,FOUR_WAY_INTERSECTION,ANGLE_FRONT_TO_SIDE,MESA,2010-10-26 18:16:00,FAILED_TO_YIELD_RIGHT_OF_WAY_103,NO_IMPROPER_ACTION
2403050,2,ANGLE_FRONT_TO_SIDE,0,0,3,T_INTERSECTION,ANGLE_FRONT_TO_SIDE,TUCSON,2010-04-07 18:17:00,RAN_STOP_SIGN,NOT_APPLICABLE_MINUS_1+NO_IMPROPER_ACTION+NOT_APPLICABLE_MINUS_1
2403440,2,ANGLE_FRONT_TO_SIDE,-111.890733968246,33.6183013200384,5,FIVE_POINT_OR_MORE,ANGLE_FRONT_TO_SIDE,SCOTTSDALE,2010-11-05 18:14:00,OTHER_97,NO_IMPROPER_ACTION
2403531,2,ANGLE_FRONT_TO_SIDE,-112.039118895873,33.4802905588328,3,INTERSECTION_AS_PART_OF_INTERCHANGE,ANGLE_FRONT_TO_SIDE,PHOENIX,2010-04-03 10:49:00,WALKED_ON_WRONG_SIDE_OF_ROAD,SPEED_TOO_FAST_FOR_CONDITIONS
2404133,2,OTHER_97,-111.900396737536,33.407486997461,3,FOUR_WAY_INTERSECTION,OTHER_97,TEMPE,2010-03-11 13:04:00,FAILED_TO_YIELD_RIGHT_OF_WAY_103,NO_IMPROPER_ACTION
2404294,3,ANGLE_FRONT_TO_SIDE,-111.900183614078,33.5103291410416,3,T_INTERSECTION,ANGLE_FRONT_TO_SIDE,SCOTTSDALE,2010-04-01 14:31:00,NO_IMPROPER_ACTION+NO_IMPROPER_ACTION,NO_IMPROPER_ACTION
2404331,2,ANGLE_FRONT_TO_SIDE,-110.950853214544,32.2348625003627,3,FOUR_WAY_INTERSECTION,ANGLE_FRONT_TO_SIDE,TUCSON,2010-04-13 16:00:00,RAN_STOP_SIGN,RAN_STOP_SIGN
2404334,2,ANGLE_FRONT_TO_SIDE,-110.952400160253,32.2359848097953,2,FOUR_WAY_INTERSECTION,ANGLE_FRONT_TO_SIDE,TUCSON,2010-04-13 15:03:00,FAILED_TO_YIELD_RIGHT_OF_WAY_103,NO_IMPROPER_ACTION
2404359,2,ANGLE_FRONT_TO_SIDE,-111.57202192565,33.4150735850865,3,FOUR_WAY_INTERSECTION,ANGLE_FRONT_TO_SIDE,APACHE JUNCTION,2010-04-03 20:45:00,NO_IMPROPER_ACTION,OTHER_97
2404384,2,ANGLE_FRONT_TO_SIDE,-111.743993244037,33.3142850503446,1,FOUR_WAY_INTERSECTION,ANGLE_FRONT_TO_SIDE,GILBERT,2010-04-07 17:34:00,DROVE_RODE_IN_OPPOSING_TRAFFIC_LANE,INATTENTION_DISTRACTION
2404396,3,REAR_END,-111.848234670823,33.4222780007657,2,FOUR_WAY_INTERSECTION,REAR_END,MESA,2010-04-10 06:55:00,NO_IMPROPER_ACTION+NO_IMPROPER_ACTION,INATTENTION_DISTRACTION
2404413,2,ANGLE_FRONT_TO_SIDE,-111.70236363048,33.3649784608609,3,T_INTERSECTION,ANGLE_FRONT_TO_SIDE,GILBERT,2010-04-12 07:01:00,FAILED_TO_YIELD_RIGHT_OF_WAY_103,NO_IMPROPER_ACTION
2404420,2,LEFT_TURN,-111.874277899535,33.4294437130185,2,FOUR_WAY_INTERSECTION,LEFT_TURN,MESA,2010-04-06 07:42:00,OTHER_97,UNKNOWN_99
2404486,2,REAR_END,-111.917650406624,33.4613295202143,3,NOT_AT_INTERSECTION_0,REAR_END,SCOTTSDALE,2010-04-08 11:51:00,INATTENTION_DISTRACTION,NO_IMPROPER_ACTION
2404501,2,ANGLE_FRONT_TO_SIDE,-111.928288059546,33.4896812257413,3,FOUR_WAY_INTERSECTION,ANGLE_FRONT_TO_SIDE,SCOTTSDALE,2010-04-09 21:43:00,RAN_STOP_SIGN,NO_IMPROPER_ACTION+NOT_APPLICABLE_MINUS_1
2404546,2,ANGLE_FRONT_TO_SIDE,-111.928546585597,33.4147417531014,1,NOT_AT_INTERSECTION_0,ANGLE_FRONT_TO_SIDE,TEMPE,2010-04-02 09:37:00,INATTENTION_DISTRACTION,NO_IMPROPER_ACTION
2404547,2,ANGLE_FRONT_TO_SIDE,-111.9556079048,33.3928573983185,4,FOUR_WAY_INTERSECTION,ANGLE_FRONT_TO_SIDE,TEMPE,2010-04-13 07:58:00,FAILED_TO_YIELD_RIGHT_OF_WAY_103,NO_IMPROPER_ACTION
2404558,2,SIDESWIPE_SAME_DIRECTION,-111.945973485868,33.3780717028028,3,T_INTERSECTION,SIDESWIPE_SAME_DIRECTION,TEMPE,2010-04-02 15:00:00,NO_IMPROPER_ACTION,FAILED_TO_YIELD_RIGHT_OF_WAY_103+NOT_APPLICABLE_MINUS_1
2404559,2,SIDESWIPE_SAME_DIRECTION,-111.926287726096,33.4949708976422,4,FOUR_WAY_INTERSECTION,SIDESWIPE_SAME_DIRECTION,SCOTTSDALE,2010-04-06 14:41:00,OTHER_UNSAFE_PASSING,NO_IMPROPER_ACTION
2404596,2,OTHER_97,-111.904668604991,33.4147648180394,3,NOT_AT_INTERSECTION_0,OTHER_97,TEMPE,2010-04-06 08:11:00,DROVE_RODE_IN_OPPOSING_TRAFFIC_LANE,NO_IMPROPER_ACTION
2404599,2,ANGLE_FRONT_TO_SIDE,-111.962983159906,33.3259150206458,2,T_INTERSECTION,ANGLE_FRONT_TO_SIDE,TEMPE,2010-04-03 15:35:00,NO_IMPROPER_ACTION,INATTENTION_DISTRACTION
2404604,2,LEFT_TURN,-111.830946386931,33.4349543364728,2,NOT_AT_INTERSECTION_0,LEFT_TURN,MESA,2010-04-03 14:30:00,DROVE_RODE_IN_OPPOSING_TRAFFIC_LANE,NO_IMPROPER_ACTION
2404711,2,OTHER_97,-112.435062670934,33.6338944339591,4,FOUR_WAY_INTERSECTION,OTHER_97,SURPRISE,2010-04-08 14:48:00,DISREGARDED_PAVEMENT_MARKINGS,NOT_APPLICABLE_MINUS_1+NO_IMPROPER_ACTION
2404865,2,ANGLE_FRONT_TO_SIDE,-111.748662810708,32.8736589768064,1,T_INTERSECTION,ANGLE_FRONT_TO_SIDE,CASA GRANDE,2010-04-09 18:31:00,FAILED_TO_YIELD_RIGHT_OF_WAY_103,NO_IMPROPER_ACTION
2404868,2,REAR_END,-111.748650571038,32.8905053348556,3,T_INTERSECTION,REAR_END,CASA GRANDE,2010-04-08 08:31:00,FAILED_TO_YIELD_RIGHT_OF_WAY_103,FAILED_TO_YIELD_RIGHT_OF_WAY_103
2404878,2,LEFT_TURN,-111.911245635492,33.3639111340286,3,FOUR_WAY_INTERSECTION,LEFT_TURN,TEMPE,2010-04-09 18:07:00,OTHER_97,NO_IMPROPER_ACTION
2404940,2,OTHER_97,-111.739832112101,32.8853926512476,3,NOT_AT_INTERSECTION_0,OTHER_97,CASA GRANDE,2010-04-14 07:46:00,UNKNOWN_99,NOT_APPLICABLE_MINUS_1+NO_IMPROPER_ACTION
2404985,2,ANGLE_FRONT_TO_SIDE,-111.92580151155,33.6112790697868,2,FOUR_WAY_INTERSECTION,ANGLE_FRONT_TO_SIDE,SCOTTSDALE,2010-04-06 20:28:00,DISREGARDED_TRAFFIC_SIGNAL,NO_IMPROPER_ACTION
2405004,2,ANGLE_FRONT_TO_SIDE,-111.865594448546,33.5750548870806,3,NOT_AT_INTERSECTION_0,ANGLE_FRONT_TO_SIDE,SCOTTSDALE,2010-04-17 13:02:00,NO_IMPROPER_ACTION,FAILED_TO_YIELD_RIGHT_OF_WAY_103
2405017,2,ANGLE_FRONT_TO_SIDE,-112.004209571766,33.4804548023399,3,FOUR_WAY_INTERSECTION,ANGLE_FRONT_TO_SIDE,PHOENIX,2010-04-13 17:00:00,UNKNOWN_99,UNKNOWN_99
2405055,2,SIDESWIPE_SAME_DIRECTION,-112.030670888219,33.6405259414556,3,FOUR_WAY_INTERSECTION,SIDESWIPE_SAME_DIRECTION,PHOENIX,2010-04-14 22:14:00,OTHER_97,NOT_APPLICABLE_MINUS_1+NO_IMPROPER_ACTION
2405103,2,ANGLE_FRONT_TO_SIDE,-110.277619447614,31.5520225812419,3,FOUR_WAY_INTERSECTION,ANGLE_FRONT_TO_SIDE,SIERRA VISTA,2010-04-02 13:51:00,DISREGARDED_TRAFFIC_SIGNAL,NOT_APPLICABLE_MINUS_1+FAILED_TO_YIELD_RIGHT_OF_WAY_103
2405124,2,SIDESWIPE_SAME_DIRECTION,-111.648237443028,35.1818493718676,3,NOT_AT_INTERSECTION_0,SIDESWIPE_SAME_DIRECTION,FLAGSTAFF,2010-04-08 08:34:00,NO_IMPROPER_ACTION,UNSAFE_LANE_CHANGE
2405175,2,ANGLE_FRONT_TO_SIDE,-111.917824229654,33.4403727827864,3,FOUR_WAY_INTERSECTION,ANGLE_FRONT_TO_SIDE,TEMPE,2010-04-14 17:07:00,FAILED_TO_YIELD_RIGHT_OF_WAY_103,NO_IMPROPER_ACTION
2405220,2,SIDESWIPE_SAME_DIRECTION,-111.939811135282,33.4072585144168,3,FOUR_WAY_INTERSECTION,SIDESWIPE_SAME_DIRECTION,TEMPE,2010-04-16 09:22:00,NO_IMPROPER_ACTION,MADE_IMPROPER_TURN
2405245,2,ANGLE_FRONT_TO_SIDE,-111.773654146444,33.3500722825672,3,NOT_AT_INTERSECTION_0,ANGLE_FRONT_TO_SIDE,GILBERT,2010-04-22 16:43:00,NO_IMPROPER_ACTION,FAILED_TO_YIELD_RIGHT_OF_WAY_103