IncidentID,num_vehicles_involved,eCollisionManner,Longitude,Latitude,InjurySeverity,eIntersectionType,eCollisionManner,city_name,IncidentDateTime,cyclist_citations,driver_citations
2410083,2,ANGLE_FRONT_TO_SIDE,-111.980335860447,33.3009375841242,3,NOT_AT_INTERSECTION_0,ANGLE_FRONT_TO_SIDE,PHOENIX,2010-04-29 14:40:00,INATTENTION_DISTRACTION,NO_IMPROPER_ACTION
2410120,2,OTHER_97,-112.369785696427,33.3820965683912,2,NOT_AT_INTERSECTION_0,OTHER_97,GOODYEAR,2010-04-04 18:05:00,UNKNOWN_99,NO_IMPROPER_ACTION
2410182,2,LEFT_TURN,-112.3206822556,33.3755197283003,3,NOT_AT_INTERSECTION_0,LEFT_TURN,AVONDALE,2010-04-10 13:01:00,FAILED_TO_KEEP_IN_PROPER_LANE,NO_IMPROPER_ACTION
2410199,2,ANGLE_FRONT_TO_SIDE,-111.806935574594,33.3064023012496,3,NOT_AT_INTERSECTION_0,ANGLE_FRONT_TO_SIDE,CHANDLER,2010-04-06 05:42:00,NO_IMPROPER_ACTION,INATTENTION_DISTRACTION
2410264,2,SIDESWIPE_SAME_DIRECTION,-111.902511104723,33.3201866865908,1,FOUR_WAY_INTERSECTION,SIDESWIPE_SAME_DIRECTION,CHANDLER,2010-04-21 14:42:00,DROVE_RODE_IN_OPPOSING_TRAFFIC_LANE,NOT_APPLICABLE_MINUS_1+NO_IMPROPER_ACTION
2410268,2,ANGLE_FRONT_TO_SIDE,-111.876508591151,33.354341326721,3,T_INTERSECTION,ANGLE_FRONT_TO_SIDE,CHANDLER,2010-04-21 07:38:00,OTHER_97,NO_IMPROPER_ACTION
2410294,2,ANGLE_FRONT_TO_SIDE,-111.894480042942,33.3225931491349,2,T_INTERSECTION,ANGLE_FRONT_TO_SIDE,CHANDLER,2010-04-28 16:32:00,DROVE_RODE_IN_OPPOSING_TRAFFIC_LANE,INATTENTION_DISTRACTION
2410417,2,ANGLE_FRONT_TO_SIDE,-111.975814177049,33.4944911078801,2,T_INTERSECTION,ANGLE_FRONT_TO_SIDE,PHOENIX,2010-04-30 07:55:00,FAILED_TO_YIELD_RIGHT_OF_WAY_103,NO_IMPROPER_ACTION+NOT_APPLICABLE_MINUS_1
2410445,2,ANGLE_FRONT_TO_SIDE,-111.91113465749,33.3113840947024,4,FOUR_WAY_INTERSECTION,ANGLE_FRONT_TO_SIDE,CHANDLER,2010-04-14 14:01:00,OTHER_97,NO_IMPROPER_ACTION
2410469,2,LEFT_TURN,-112.120382492836,33.6252616240507,2,FOUR_WAY_INTERSECTION,LEFT_TURN,PHOENIX,2010-04-01 16:09:00,DISREGARDED_TRAFFIC_SIGNAL,NO_IMPROPER_ACTION
2410543,2,ANGLE_FRONT_TO_SIDE,-112.069995995617,33.4067148865282,4,T_INTERSECTION,ANGLE_FRONT_TO_SIDE,PHOENIX,2010-04-03 13:30:00,DID_NOT_USE_CROSSWALK,NO_IMPROPER_ACTION
2410678,2,ANGLE_FRONT_TO_SIDE,-112.134223822064,33.5167325088013,4,FOUR_WAY_INTERSECTION,ANGLE_FRONT_TO_SIDE,PHOENIX,2010-04-01 15:42:00,DROVE_RODE_IN_OPPOSING_TRAFFIC_LANE,NO_IMPROPER_ACTION
2410725,2,OTHER_97,-111.841511762918,33.3125183039882,1,T_INTERSECTION,OTHER_97,CHANDLER,2010-04-09 17:21:00,NO_IMPROPER_ACTION,FAILED_TO_YIELD_RIGHT_OF_WAY_103
2410732,2,ANGLE_FRONT_TO_SIDE,-111.873616998214,33.3205813073546,1,T_INTERSECTION,ANGLE_FRONT_TO_SIDE,CHANDLER,2010-04-28 10:46:00,OTHER_97,NO_IMPROPER_ACTION
2410749,2,SIDESWIPE_SAME_DIRECTION,-112.077720384546,33.4514022045136,1,FOUR_WAY_INTERSECTION,SIDESWIPE_SAME_DIRECTION,PHOENIX,2010-04-05 18:02:00,INATTENTION_DISTRACTION,NOT_APPLICABLE_MINUS_1+NOT_APPLICABLE_MINUS_1+NOT_APPLICABLE_MINUS_1+NOT_APPLICABLE_MINUS_1+NOT_APPLICABLE_MINUS_1+NOT_APPLICABLE_MINUS_1+NO_IMPROPER_ACTION+NOT_APPLICABLE_MINUS_1
2410752,2,OTHER_97,-110.875113237229,32.1922740340338,3,FOUR_WAY_INTERSECTION,OTHER_97,TUCSON,2010-05-26 16:52:00,OTHER_97,FAILED_TO_YIELD_RIGHT_OF_WAY_103
2410790,2,ANGLE_FRONT_TO_SIDE,-112.201845831871,33.5817211389779,3,NOT_AT_INTERSECTION_0,ANGLE_FRONT_TO_SIDE,GLENDALE,2010-04-08 14:20:00,NO_IMPROPER_ACTION,FAILED_TO_YIELD_RIGHT_OF_WAY_103
2410809,2,OTHER_97,-112.185738526192,33.6208682840732,1,FOUR_WAY_INTERSECTION,OTHER_97,GLENDALE,2010-04-06 16:35:00,NO_IMPROPER_ACTION,NOT_APPLICABLE_MINUS_1+FAILED_TO_YIELD_RIGHT_OF_WAY_103
2410812,2,OTHER_97,0,0,3,T_INTERSECTION,OTHER_97,PHOENIX,2010-04-07 12:45:00,DROVE_RODE_IN_OPPOSING_TRAFFIC_LANE,NO_IMPROPER_ACTION
2410844,2,UNKNOWN_99,-111.995429484375,33.4512346746645,2,FOUR_WAY_INTERSECTION,UNKNOWN_99,PHOENIX,2010-04-07 18:17:00,UNKNOWN_99,UNKNOWN_99
2410933,2,LEFT_TURN,-110.857912720918,32.2372016077002,2,NOT_AT_INTERSECTION_0,LEFT_TURN,TUCSON,2010-05-26 11:53:00,INATTENTION_DISTRACTION,NO_IMPROPER_ACTION
2411057,2,ANGLE_FRONT_TO_SIDE,-112.186274781763,33.5271810490127,1,T_INTERSECTION,ANGLE_FRONT_TO_SIDE,GLENDALE,2010-04-27 09:01:00,DROVE_RODE_IN_OPPOSING_TRAFFIC_LANE,NOT_APPLICABLE_MINUS_1+FAILED_TO_YIELD_RIGHT_OF_WAY_103
2411100,2,LEFT_TURN,-110.935290727741,32.2361004824165,3,FOUR_WAY_INTERSECTION,LEFT_TURN,TUCSON,2010-05-31 15:57:00,FAILED_TO_YIELD_RIGHT_OF_WAY_103,NO_IMPROPER_ACTION
2411105,2,OTHER_97,-111.635486192458,33.2486703282385,2,NOT_AT_INTERSECTION_0,OTHER_97,UNSPECIFIED_999,2010-05-11 13:43:00,DROVE_RODE_IN_OPPOSING_TRAFFIC_LANE,NO_IMPROPER_ACTION
2411121,2,ANGLE_FRONT_TO_SIDE,-111.988374354271,33.4693275076914,1,NOT_AT_INTERSECTION_0,ANGLE_FRONT_TO_SIDE,PHOENIX,2010-05-01 12:00:00,FAILED_TO_YIELD_RIGHT_OF_WAY_103,NO_IMPROPER_ACTION
2411259,2,ANGLE_FRONT_TO_SIDE,-112.134452909917,33.5675352521624,2,FOUR_WAY_INTERSECTION,ANGLE_FRONT_TO_SIDE,PHOENIX,2010-05-01 20:30:00,KNOWINGLY_OPERATED_WITH_FAULTY_MISSING_EQUIPMENT,FAILED_TO_YIELD_RIGHT_OF_WAY_103
2411421,2,SIDESWIPE_SAME_DIRECTION,-111.859010814837,33.2987884325385,3,FOUR_WAY_INTERSECTION,SIDESWIPE_SAME_DIRECTION,CHANDLER,2010-05-04 20:54:00,NO_IMPROPER_ACTION,FAILED_TO_YIELD_RIGHT_OF_WAY_103
2411484,2,ANGLE_FRONT_TO_SIDE,-111.824109758258,33.3098298535204,3,T_INTERSECTION,ANGLE_FRONT_TO_SIDE,CHANDLER,2010-05-02 14:05:00,DROVE_RODE_IN_OPPOSING_TRAFFIC_LANE,NO_IMPROPER_ACTION
2411535,2,ANGLE_FRONT_TO_SIDE,-112.091183361787,33.5204320942632,2,T_INTERSECTION,ANGLE_FRONT_TO_SIDE,PHOENIX,2010-05-06 19:30:00,DROVE_RODE_IN_OPPOSING_TRAFFIC_LANE,NO_IMPROPER_ACTION
2411537,2,ANGLE_FRONT_TO_SIDE,-111.832865383879,33.3206731890682,2,FOUR_WAY_INTERSECTION,ANGLE_FRONT_TO_SIDE,CHANDLER,2010-05-05 08:12:00,INATTENTION_DISTRACTION,INATTENTION_DISTRACTION
2411576,2,HEAD_ON,-112.047907549414,33.466670549057,3,NOT_AT_INTERSECTION_0,HEAD_ON,PHOENIX,2010-05-04 11:53:00,NO_IMPROPER_ACTION,INATTENTION_DISTRACTION
2411595,3,REAR_END,-112.01995815813,33.6326183047935,3,NOT_AT_INTERSECTION_0,REAR_END,PHOENIX,2010-05-11 15:16:00,NO_IMPROPER_ACTION,NO_IMPROPER_ACTION+NOT_APPLICABLE_MINUS_1+SPEED_TOO_FAST_FOR_CONDITIONS
2411647,2,ANGLE_FRONT_TO_SIDE,-112.030975012342,33.6718568769419,3,FOUR_WAY_INTERSECTION,ANGLE_FRONT_TO_SIDE,PHOENIX,2010-05-08 08:12:00,UNKNOWN_99,NO_IMPROPER_ACTION
2411795,2,ANGLE_FRONT_TO_SIDE,-112.081998324321,33.4053866959582,3,NOT_AT_INTERSECTION_0,ANGLE_FRONT_TO_SIDE,PHOENIX,2010-05-15 10:31:00,DID_NOT_USE_CROSSWALK,NO_IMPROPER_ACTION
2411831,2,ANGLE_FRONT_TO_SIDE,-112.099610064652,33.5677803929659,3,FOUR_WAY_INTERSECTION,ANGLE_FRONT_TO_SIDE,PHOENIX,2010-05-15 19:41:00,NO_IMPROPER_ACTION,FAILED_TO_YIELD_RIGHT_OF_WAY_103
2411841,2,LEFT_TURN,-111.859107816737,33.330480817318,2,T_INTERSECTION,LEFT_TURN,CHANDLER,2010-05-20 10:24:00,FAILED_TO_YIELD_RIGHT_OF_WAY_103,FAILED_TO_YIELD_RIGHT_OF_WAY_103
2411861,2,SIDESWIPE_SAME_DIRECTION,-112.119404367067,33.5385569226889,3,NOT_AT_INTERSECTION_0,SIDESWIPE_SAME_DIRECTION,PHOENIX,2010-05-17 15:53:00,UNKNOWN_99,UNKNOWN_99
2411908,2,ANGLE_FRONT_TO_SIDE,-111.811258787284,33.3063346411729,3,NOT_AT_INTERSECTION_0,ANGLE_FRONT_TO_SIDE,CHANDLER,2010-05-20 19:06:00,UNKNOWN_99,UNKNOWN_99
2411940,2,ANGLE_FRONT_TO_SIDE,-112.101964529576,33.524124994905,3,NOT_AT_INTERSECTION_0,ANGLE_FRONT_TO_SIDE,PHOENIX,2010-05-20 20:23:00,NO_IMPROPER_ACTION,NOT_APPLICABLE_MINUS_1+FAILED_TO_YIELD_RIGHT_OF_WAY_103
2411954,2,ANGLE_FRONT_TO_SIDE,-112.116954150431,33.5603118522081,1,FOUR_WAY_INTERSECTION,ANGLE_FRONT_TO_SIDE,PHOENIX,2010-05-16 19:00:00,DROVE_RODE_IN_OPPOSING_TRAFFIC_LANE,NO_IMPROPER_ACTION+NOT_APPLICABLE_MINUS_1+NOT_APPLICABLE_MINUS_1
2411968,2,ANGLE_FRONT_TO_SIDE,-112.099611962568,33.5349606011817,2,NOT_AT_INTERSECTION_0,ANGLE_FRONT_TO_SIDE,PHOENIX,2010-05-12 22:07:00,OTHER_97,NOT_APPLICABLE_MINUS_1+NO_IMPROPER_ACTION
2411986,2,ANGLE_FRONT_TO_SIDE,-112.043363592018,33.4513871124279,3,FOUR_WAY_INTERSECTION,ANGLE_FRONT_TO_SIDE,PHOENIX,2010-05-12 22:15:00,OTHER_97,NOT_APPLICABLE_MINUS_1+NO_IMPROPER_ACTION
2411995,2,ANGLE_FRONT_TO_SIDE,-112.046586935337,33.5092265635237,3,NOT_AT_INTERSECTION_0,ANGLE_FRONT_TO_SIDE,PHOENIX,2010-05-13 13:48:00,FAILED_TO_YIELD_RIGHT_OF_WAY_103,NO_IMPROPER_ACTION
2412050,2,ANGLE_FRONT_TO_SIDE,-112.030111286248,33.4625580727519,3,INTERSECTION_AS_PART_OF_INTERCHANGE,ANGLE_FRONT_TO_SIDE,PHOENIX,2010-05-15 21:22:00,OTHER_97,NO_IMPROPER_ACTION
2412057,2,LEFT_TURN,-111.919877684974,33.3054255365603,1,FOUR_WAY_INTERSECTION,LEFT_TURN,CHANDLER,2010-05-26 15:37:00,INATTENTION_DISTRACTION,NO_IMPROPER_ACTION
2412065,2,ANGLE_FRONT_TO_SIDE,-111.825711146882,33.2112681571756,3,T_INTERSECTION,ANGLE_FRONT_TO_SIDE,CHANDLER,2010-05-26 15:45:00,OTHER_97,OTHER_97+NOT_APPLICABLE_MINUS_1
2412099,2,ANGLE_FRONT_TO_SIDE,-112.073778304363,33.4801251269378,3,FOUR_WAY_INTERSECTION,ANGLE_FRONT_TO_SIDE,PHOENIX,2010-05-17 11:38:00,OTHER_97,NO_IMPROPER_ACTION
2412157,2,ANGLE_FRONT_TO_SIDE,-112.089082485749,33.5812246159474,3,FOUR_WAY_INTERSECTION,ANGLE_FRONT_TO_SIDE,PHOENIX,2010-05-24 04:04:00,NO_IMPROPER_ACTION,UNKNOWN_99
2412222,2,ANGLE_FRONT_TO_SIDE,-111.824063963876,33.2478162767964,1,FOUR_WAY_INTERSECTION,ANGLE_FRONT_TO_SIDE,CHANDLER,2010-05-14 06:48:00,OTHER_97,NOT_APPLICABLE_MINUS_1+FAILED_TO_YIELD_RIGHT_OF_WAY_103
2412287,2,OTHER_97,-112.030201615038,33.460409004567,2,T_INTERSECTION,OTHER_97,PHOENIX,2010-05-18 15:51:00,NO_IMPROPER_ACTION,INATTENTION_DISTRACTION
2412345,2,ANGLE_FRONT_TO_SIDE,-111.87640967441,33.3273214257388,2,T_INTERSECTION,ANGLE_FRONT_TO_SIDE,CHANDLER,2010-05-12 13:51:00,DROVE_RODE_IN_OPPOSING_TRAFFIC_LANE,FAILED_TO_YIELD_RIGHT_OF_WAY_103+NOT_APPLICABLE_MINUS_1
2412376,2,ANGLE_FRONT_TO_SIDE,-111.847160180182,33.3351140707635,2,T_INTERSECTION,ANGLE_FRONT_TO_SIDE,CHANDLER,2010-05-25 17:03:00,DROVE_RODE_IN_OPPOSING_TRAFFIC_LANE,INATTENTION_DISTRACTION
2412616,2,SIDESWIPE_OPPOSITE_DIRECTION,-112.16816336093,33.3775253093215,2,FOUR_WAY_INTERSECTION,SIDESWIPE_OPPOSITE_DIRECTION,PHOENIX,2010-05-29 19:10:00,NO_IMPROPER_ACTION,FAILED_TO_YIELD_RIGHT_OF_WAY_103
2412622,2,UNKNOWN_99,-112.186201948318,33.5567592432478,3,FOUR_WAY_INTERSECTION,UNKNOWN_99,GLENDALE,2010-05-04 14:59:00,DID_NOT_USE_CROSSWALK,NO_IMPROPER_ACTION
2412644,2,ANGLE_FRONT_TO_SIDE,-112.194616192654,33.5962984899674,2,FOUR_WAY_INTERSECTION,ANGLE_FRONT_TO_SIDE,GLENDALE,2010-05-17 15:47:00,DISREGARDED_TRAFFIC_SIGNAL,NOT_APPLICABLE_MINUS_1+NO_IMPROPER_ACTION
2412727,2,HEAD_ON,-112.237703253364,33.5087957031912,3,FOUR_WAY_INTERSECTION,HEAD_ON,GLENDALE,2010-05-08 18:41:00,NO_IMPROPER_ACTION,DISREGARDED_TRAFFIC_SIGNAL+NOT_APPLICABLE_MINUS_1
2412762,2,ANGLE_FRONT_TO_SIDE,-112.047631500632,33.459616820107,2,NOT_AT_INTERSECTION_0,ANGLE_FRONT_TO_SIDE,PHOENIX,2010-05-12 13:37:00,UNKNOWN_99,UNKNOWN_99
2412772,2,OTHER_97,-112.168933415069,33.6585017748394,2,T_INTERSECTION,OTHER_97,PHOENIX,2010-05-18 15:50:00,NO_IMPROPER_ACTION,INATTENTION_DISTRACTION
2412786,2,SIDESWIPE_SAME_DIRECTION,-112.108247849962,33.5675427480171,2,FOUR_WAY_INTERSECTION,SIDESWIPE_SAME_DIRECTION,PHOENIX,2010-05-20 15:30:00,INATTENTION_DISTRACTION,NO_IMPROPER_ACTION
2412809,2,ANGLE_FRONT_TO_SIDE,-111.736410829328,33.422657902825,3,NOT_AT_INTERSECTION_0,ANGLE_FRONT_TO_SIDE,MESA,2010-05-03 19:52:00,OTHER_97,NO_IMPROPER_ACTION
2412818,2,OTHER_97,-110.948239729468,32.2373383647028,3,FOUR_WAY_INTERSECTION,OTHER_97,TUCSON,2010-05-03 13:00:00,FAILED_TO_YIELD_RIGHT_OF_WAY_103,NO_IMPROPER_ACTION
2412894,2,SIDESWIPE_SAME_DIRECTION,-112.059703827306,33.5721986680985,3,NOT_AT_INTERSECTION_0,SIDESWIPE_SAME_DIRECTION,PHOENIX,2010-05-31 22:50:00,FAILED_TO_KEEP_IN_PROPER_LANE,NO_IMPROPER_ACTION
2412938,2,OTHER_97,-112.34527050724,33.4315632418325,4,FOUR_WAY_INTERSECTION,OTHER_97,AVONDALE,2010-05-05 23:09:00,DISREGARDED_TRAFFIC_SIGNAL,NO_IMPROPER_ACTION
2412987,2,ANGLE_FRONT_TO_SIDE,-112.030047230511,33.4803025309288,3,FOUR_WAY_INTERSECTION,ANGLE_FRONT_TO_SIDE,PHOENIX,2010-05-20 15:36:00,NO_IMPROPER_ACTION,FAILED_TO_YIELD_RIGHT_OF_WAY_103
2413010,2,LEFT_TURN,-112.029837019128,33.4482706064852,4,NOT_AT_INTERSECTION_0,LEFT_TURN,PHOENIX,2010-05-26 11:00:00,NO_IMPROPER_ACTION,INATTENTION_DISTRACTION
2413107,2,SIDESWIPE_SAME_DIRECTION,-111.934758814568,33.4845987267002,3,FOUR_WAY_INTERSECTION,SIDESWIPE_SAME_DIRECTION,SCOTTSDALE,2010-05-04 07:49:00,FAILED_TO_YIELD_RIGHT_OF_WAY_103,NO_IMPROPER_ACTION
2413115,2,ANGLE_FRONT_TO_SIDE,-112.326758011485,34.5883044752479,2,NOT_AT_INTERSECTION_0,ANGLE_FRONT_TO_SIDE,PRESCOTT VALLEY,2010-05-01 16:57:00,OTHER_97,NO_IMPROPER_ACTION
2413306,2,OTHER_97,-112.289785012294,33.6817569664503,3,FOUR_WAY_INTERSECTION,OTHER_97,PEORIA,2010-05-13 17:41:00,NO_IMPROPER_ACTION,FAILED_TO_YIELD_RIGHT_OF_WAY_103
2413322,2,LEFT_TURN,-111.824438689244,33.3642381368801,1,FOUR_WAY_INTERSECTION,LEFT_TURN,GILBERT,2010-05-07 09:41:00,UNKNOWN_99,NO_IMPROPER_ACTION
2413388,2,SIDESWIPE_SAME_DIRECTION,-111.684737274852,33.3939804510037,2,FOUR_WAY_INTERSECTION,SIDESWIPE_SAME_DIRECTION,MESA,2010-05-10 12:25:00,INATTENTION_DISTRACTION,INATTENTION_DISTRACTION
2413528,2,SIDESWIPE_OPPOSITE_DIRECTION,0,0,3,T_INTERSECTION,SIDESWIPE_OPPOSITE_DIRECTION,EL MIRAGE,2010-05-15 15:39:00,RAN_STOP_SIGN,NOT_APPLICABLE_MINUS_1+NO_IMPROPER_ACTION
2413557,2,ANGLE_FRONT_TO_SIDE,-112.332421462156,33.6030779671692,2,FOUR_WAY_INTERSECTION,ANGLE_FRONT_TO_SIDE,EL MIRAGE,2010-05-10 19:06:00,DROVE_RODE_IN_OPPOSING_TRAFFIC_LANE,NOT_APPLICABLE_MINUS_1+FAILED_TO_YIELD_RIGHT_OF_WAY_103
2413575,2,REAR_END,-111.860227453018,33.6340967793394,2,FOUR_WAY_INTERSECTION,REAR_END,SCOTTSDALE,2010-05-08 18:19:00,NO_IMPROPER_ACTION,FAILED_TO_YIELD_RIGHT_OF_WAY_103
2413649,2,LEFT_TURN,-111.619907334475,33.3644506076902,2,NOT_AT_INTERSECTION_0,LEFT_TURN,MESA,2010-05-13 18:39:00,NO_IMPROPER_ACTION,FAILED_TO_YIELD_RIGHT_OF_WAY_103
2413714,2,OTHER_97,-111.89032011587,33.4073484723312,1,FOUR_WAY_INTERSECTION,OTHER_97,TEMPE,2010-05-03 19:11:00,DROVE_RODE_IN_OPPOSING_TRAFFIC_LANE,NO_IMPROPER_ACTION
2413880,2,REAR_END,-111.920395562242,33.5020756588906,1,FOUR_WAY_INTERSECTION,REAR_END,SCOTTSDALE,2010-05-09 02:41:00,INATTENTION_DISTRACTION,NO_IMPROPER_ACTION
2413901,2,LEFT_TURN,-111.917593221186,33.4803538411542,4,FOUR_WAY_INTERSECTION,LEFT_TURN,SCOTTSDALE,2010-05-14 10:39:00,DROVE_RODE_IN_OPPOSING_TRAFFIC_LANE,INATTENTION_DISTRACTION
2413912,2,ANGLE_FRONT_TO_SIDE,-111.92187405113,33.4657460634782,1,FOUR_WAY_INTERSECTION,ANGLE_FRONT_TO_SIDE,SCOTTSDALE,2010-05-08 09:50:00,DROVE_RODE_IN_OPPOSING_TRAFFIC_LANE,FAILED_TO_YIELD_RIGHT_OF_WAY_103
2413939,2,ANGLE_FRONT_TO_SIDE,-111.634354479383,35.1936823759027,3,T_INTERSECTION,ANGLE_FRONT_TO_SIDE,FLAGSTAFF,2010-05-16 16:15:00,DROVE_RODE_IN_OPPOSING_TRAFFIC_LANE,NOT_APPLICABLE_MINUS_1+NO_IMPROPER_ACTION
2413996,2,SIDESWIPE_SAME_DIRECTION,-112.073813097798,33.4482410804499,2,NOT_AT_INTERSECTION_0,SIDESWIPE_SAME_DIRECTION,UNSPECIFIED_999,2010-05-07 11:58:00,FAILED_TO_YIELD_RIGHT_OF_WAY_103,NO_IMPROPER_ACTION+NOT_APPLICABLE_MINUS_1
2414010,2,REAR_END,-112.073813097798,33.4482410804499,2,FOUR_WAY_INTERSECTION,REAR_END,MESA,2010-05-03 12:19:00,NO_IMPROPER_ACTION,FAILED_TO_YIELD_RIGHT_OF_WAY_103
2414020,2,LEFT_TURN,-111.878437360874,33.653303379804,2,FOUR_WAY_INTERSECTION,LEFT_TURN,SCOTTSDALE,2010-05-18 07:09:00,NO_IMPROPER_ACTION,FAILED_TO_YIELD_RIGHT_OF_WAY_103
2414022,2,OTHER_97,-111.788299267614,33.4081119272259,3,NOT_AT_INTERSECTION_0,OTHER_97,MESA,2010-05-05 19:52:00,FAILED_TO_YIELD_RIGHT_OF_WAY_103,NOT_APPLICABLE_MINUS_1+NO_IMPROPER_ACTION
2414042,2,LEFT_TURN,-111.657271967943,35.1937253892482,1,T_INTERSECTION,LEFT_TURN,FLAGSTAFF,2010-05-11 17:36:00,DROVE_RODE_IN_OPPOSING_TRAFFIC_LANE,NO_IMPROPER_ACTION
2414084,2,OTHER_97,-111.613400914223,35.2058851290119,3,NOT_AT_INTERSECTION_0,OTHER_97,FLAGSTAFF,2010-05-12 09:38:00,DROVE_RODE_IN_OPPOSING_TRAFFIC_LANE,NO_IMPROPER_ACTION
2414139,2,UNKNOWN_99,-112.073813097798,33.4482410804499,2,UNKNOWN_99,UNKNOWN_99,UNSPECIFIED_999,2010-05-17 16:28:00,UNKNOWN_99,NOT_APPLICABLE_MINUS_1+UNKNOWN_99
2414162,2,OTHER_97,-112.073813097798,33.4482410804499,3,FOUR_WAY_INTERSECTION,OTHER_97,UNSPECIFIED_999,2010-05-03 16:08:00,NO_IMPROPER_ACTION,UNKNOWN_99
2414220,2,ANGLE_FRONT_TO_SIDE,-111.683888921432,33.4807893680118,2,FOUR_WAY_INTERSECTION,ANGLE_FRONT_TO_SIDE,MESA,2010-05-20 19:02:00,UNKNOWN_99,UNKNOWN_99
2414295,2,LEFT_TURN,-111.684476816975,33.4229178336754,2,FOUR_WAY_INTERSECTION,LEFT_TURN,MESA,2010-05-18 08:27:00,DROVE_RODE_IN_OPPOSING_TRAFFIC_LANE,NO_IMPROPER_ACTION+NOT_APPLICABLE_MINUS_1
2414339,2,LEFT_TURN,-111.613512355495,35.2098105118574,2,NOT_AT_INTERSECTION_0,LEFT_TURN,FLAGSTAFF,2010-05-05 17:11:00,FAILED_TO_YIELD_RIGHT_OF_WAY_103,NO_IMPROPER_ACTION
2414420,2,SIDESWIPE_SAME_DIRECTION,-111.651839088785,35.1941169749677,1,NOT_AT_INTERSECTION_0,SIDESWIPE_SAME_DIRECTION,FLAGSTAFF,2010-05-03 15:47:00,NO_IMPROPER_ACTION,NOT_APPLICABLE_MINUS_1+FAILED_TO_YIELD_RIGHT_OF_WAY_103+NOT_APPLICABLE_MINUS_1
2414489,2,ANGLE_FRONT_TO_SIDE,-112.010670985331,33.4657258952397,2,NOT_AT_INTERSECTION_0,ANGLE_FRONT_TO_SIDE,PHOENIX,2010-12-15 15:18:00,UNSAFE_LANE_CHANGE,NOT_APPLICABLE_MINUS_1+NOT_APPLICABLE_MINUS_1+NO_IMPROPER_ACTION
2414578,2,ANGLE_FRONT_TO_SIDE,-111.942316754808,33.4219286000737,5,FOUR_WAY_INTERSECTION,ANGLE_FRONT_TO_SIDE,TEMPE,2010-05-10 18:12:00,DISREGARDED_TRAFFIC_SIGNAL,NOT_APPLICABLE_MINUS_1+NO_IMPROPER_ACTION+NOT_APPLICABLE_MINUS_1
2414621,2,LEFT_TURN,-112.091637330996,33.6546197503593,5,FOUR_WAY_INTERSECTION,LEFT_TURN,PHOENIX,2010-08-05 18:27:00,FAILED_TO_KEEP_IN_PROPER_LANE,INATTENTION_DISTRACTION
2414622,2,ANGLE_FRONT_TO_SIDE,-111.875312834952,33.3828365853139,4,FOUR_WAY_INTERSECTION,ANGLE_FRONT_TO_SIDE,MESA,2010-05-24 06:45:00,NO_IMPROPER_ACTION,NOT_APPLICABLE_MINUS_1+FAILED_TO_YIELD_RIGHT_OF_WAY_103
2414633,2,ANGLE_FRONT_TO_SIDE,-111.742994195398,33.4082711587277,1,NOT_REPORTED_255,ANGLE_FRONT_TO_SIDE,MESA,2010-05-11 13:12:00,DROVE_RODE_IN_OPPOSING_TRAFFIC_LANE,NO_IMPROPER_ACTION
2414643,2,OTHER_97,-110.908043831499,32.3089057130772,4,T_INTERSECTION,OTHER_97,UNSPECIFIED_999,2010-05-27 17:54:00,UNKNOWN_99,UNKNOWN_99
2414711,2,LEFT_TURN,-111.839938579108,33.4152607504769,3,FOUR_WAY_INTERSECTION,LEFT_TURN,MESA,2010-05-18 15:25:00,UNKNOWN_99,NO_IMPROPER_ACTION
2414752,2,SIDESWIPE_SAME_DIRECTION,-111.926015365187,33.498380382344,1,NOT_AT_INTERSECTION_0,SIDESWIPE_SAME_DIRECTION,SCOTTSDALE,2010-05-16 00:19:00,OTHER_UNSAFE_PASSING,NOT_APPLICABLE_MINUS_1+NO_IMPROPER_ACTION+NOT_APPLICABLE_MINUS_1
2414757,2,ANGLE_FRONT_TO_SIDE,-111.071899503445,32.1334655473033,1,FOUR_WAY_INTERSECTION,ANGLE_FRONT_TO_SIDE,UNSPECIFIED_999,2010-05-24 16:35:00,DISREGARDED_TRAFFIC_SIGNAL,SPEED_TOO_FAST_FOR_CONDITIONS+NOT_APPLICABLE_MINUS_1