IncidentID,num_vehicles_involved,eCollisionManner,Longitude,Latitude,InjurySeverity,eIntersectionType,eCollisionManner,city_name,IncidentDateTime,cyclist_citations,driver_citations
2443424,2,ANGLE_FRONT_TO_SIDE,-111.909254312354,33.4053527480169,1,T_INTERSECTION,ANGLE_FRONT_TO_SIDE,TEMPE,2010-08-03 13:30:00,OTHER_97,NO_IMPROPER_ACTION+NOT_APPLICABLE_MINUS_1+NOT_APPLICABLE_MINUS_1
2443529,2,UNKNOWN_99,-111.926277209997,33.4288459365539,3,UNKNOWN_99,UNKNOWN_99,TEMPE,2010-08-19 11:15:00,INATTENTION_DISTRACTION,NO_IMPROPER_ACTION
2443568,2,OTHER_97,-111.609854666502,35.208118542975,1,T_INTERSECTION,OTHER_97,FLAGSTAFF,2010-07-01 16:04:00,UNKNOWN_99,NO_IMPROPER_ACTION
2443589,2,ANGLE_FRONT_TO_SIDE,-111.910029348795,33.4219812024461,1,NOT_AT_INTERSECTION_0,ANGLE_FRONT_TO_SIDE,TEMPE,2010-08-29 11:59:00,DROVE_RODE_IN_OPPOSING_TRAFFIC_LANE,UNKNOWN_99
2443592,2,ANGLE_FRONT_TO_SIDE,-111.885791245512,33.3785053790912,2,FOUR_WAY_INTERSECTION,ANGLE_FRONT_TO_SIDE,MESA,2010-08-29 18:02:00,FAILED_TO_YIELD_RIGHT_OF_WAY_103,NO_IMPROPER_ACTION
2443593,2,ANGLE_FRONT_TO_SIDE,-111.936643311301,33.4219462208541,2,UNKNOWN_99,ANGLE_FRONT_TO_SIDE,TEMPE,2010-08-19 20:30:00,NO_IMPROPER_ACTION,DISREGARDED_TRAFFIC_SIGNAL
2443599,2,REAR_END,-111.892268502008,33.3784508977237,3,INTERSECTION_AS_PART_OF_INTERCHANGE,REAR_END,TEMPE,2010-08-23 17:30:00,NO_IMPROPER_ACTION,FOLLOWED_TOO_CLOSELY
2443626,2,ANGLE_FRONT_TO_SIDE,-111.618301654089,35.2004754777627,4,T_INTERSECTION,ANGLE_FRONT_TO_SIDE,FLAGSTAFF,2010-07-14 17:42:00,UNKNOWN_99,UNKNOWN_99
2443706,2,ANGLE_FRONT_TO_SIDE,-111.909086214211,33.4221413905047,2,FOUR_WAY_INTERSECTION,ANGLE_FRONT_TO_SIDE,TEMPE,2010-08-20 08:32:00,NO_IMPROPER_ACTION,FAILED_TO_YIELD_RIGHT_OF_WAY_103
2443707,2,ANGLE_FRONT_TO_SIDE,-111.889859073999,33.3784796129349,3,NOT_AT_INTERSECTION_0,ANGLE_FRONT_TO_SIDE,MESA,2010-08-17 15:14:00,INATTENTION_DISTRACTION,NO_IMPROPER_ACTION
2443738,2,LEFT_TURN,-111.926271034455,33.4079646573032,2,NOT_AT_INTERSECTION_0,LEFT_TURN,TEMPE,2010-08-30 11:33:00,OTHER_97,NO_IMPROPER_ACTION
2443750,2,ANGLE_FRONT_TO_SIDE,-111.934048112748,33.4219591747398,3,NOT_AT_INTERSECTION_0,ANGLE_FRONT_TO_SIDE,TEMPE,2010-08-25 20:29:00,INATTENTION_DISTRACTION,NO_IMPROPER_ACTION+NOT_APPLICABLE_MINUS_1
2443756,2,LEFT_TURN,-111.917562068647,33.4803537937022,1,FOUR_WAY_INTERSECTION,LEFT_TURN,SCOTTSDALE,2010-08-30 16:57:00,DISREGARDED_TRAFFIC_SIGNAL,NO_IMPROPER_ACTION
2443758,2,OTHER_97,-111.973315690703,33.421912907401,4,NOT_AT_INTERSECTION_0,OTHER_97,TEMPE,2010-08-27 05:12:00,NO_IMPROPER_ACTION,INATTENTION_DISTRACTION
2443759,2,ANGLE_FRONT_TO_SIDE,-112.528600073088,36.9490503572069,3,FOUR_WAY_INTERSECTION,ANGLE_FRONT_TO_SIDE,FREDONIA,2010-08-23 12:15:00,NO_IMPROPER_ACTION,FAILED_TO_YIELD_RIGHT_OF_WAY_103
2443831,2,ANGLE_FRONT_TO_SIDE,-111.906245437908,33.575207256472,2,FOUR_WAY_INTERSECTION,ANGLE_FRONT_TO_SIDE,SCOTTSDALE,2010-08-31 17:47:00,DISREGARDED_TRAFFIC_SIGNAL,NO_IMPROPER_ACTION
2443975,2,ANGLE_FRONT_TO_SIDE,-111.72283655767,32.8795696686715,2,FOUR_WAY_INTERSECTION,ANGLE_FRONT_TO_SIDE,CASA GRANDE,2010-08-25 18:53:00,DROVE_RODE_IN_OPPOSING_TRAFFIC_LANE,SPEED_TOO_FAST_FOR_CONDITIONS
2444106,2,ANGLE_FRONT_TO_SIDE,-112.112891293563,33.5092025336609,4,INTERSECTION_AS_PART_OF_INTERCHANGE,ANGLE_FRONT_TO_SIDE,PHOENIX,2010-08-05 15:57:00,DISREGARDED_TRAFFIC_SIGNAL,NO_IMPROPER_ACTION
2444366,2,ANGLE_FRONT_TO_SIDE,-111.945656042362,33.3353214023895,2,UNKNOWN_99,ANGLE_FRONT_TO_SIDE,TEMPE,2010-08-06 14:39:00,NO_IMPROPER_ACTION,INATTENTION_DISTRACTION
2444452,2,ANGLE_FRONT_TO_SIDE,-111.650755102544,35.1968215303957,3,FOUR_WAY_INTERSECTION,ANGLE_FRONT_TO_SIDE,FLAGSTAFF,2010-08-13 19:30:00,UNKNOWN_99,UNKNOWN_99
2444482,2,LEFT_TURN,-111.627849425806,35.1922520268426,1,FOUR_WAY_INTERSECTION,LEFT_TURN,FLAGSTAFF,2010-08-19 16:20:00,NO_IMPROPER_ACTION,UNKNOWN_99
2444494,2,ANGLE_FRONT_TO_SIDE,-111.586399099519,35.2229424776613,3,T_INTERSECTION,ANGLE_FRONT_TO_SIDE,FLAGSTAFF,2010-08-19 15:30:00,KNOWINGLY_OPERATED_WITH_FAULTY_MISSING_EQUIPMENT,NO_IMPROPER_ACTION
2444539,2,OTHER_97,-112.073813097798,33.4482410804499,1,UNKNOWN_99,OTHER_97,FLAGSTAFF,2010-08-06 13:32:00,INATTENTION_DISTRACTION,INATTENTION_DISTRACTION
2444945,2,ANGLE_FRONT_TO_SIDE,-111.563359694452,33.3933232204717,1,T_INTERSECTION,ANGLE_FRONT_TO_SIDE,APACHE JUNCTION,2010-08-20 06:43:00,NO_IMPROPER_ACTION,DROVE_RODE_IN_OPPOSING_TRAFFIC_LANE
2445070,2,ANGLE_FRONT_TO_SIDE,-111.725417927549,33.347642801017,1,FOUR_WAY_INTERSECTION,ANGLE_FRONT_TO_SIDE,GILBERT,2010-09-09 18:22:00,NO_IMPROPER_ACTION,NO_IMPROPER_ACTION
2445101,2,SIDESWIPE_SAME_DIRECTION,-111.738237085436,33.2921351543096,1,FOUR_WAY_INTERSECTION,SIDESWIPE_SAME_DIRECTION,GILBERT,2010-09-03 18:10:00,NO_IMPROPER_ACTION,MADE_IMPROPER_TURN
2445109,2,LEFT_TURN,-111.687698630741,33.366485688375,3,NOT_AT_INTERSECTION_0,LEFT_TURN,GILBERT,2010-09-16 07:26:00,DROVE_RODE_IN_OPPOSING_TRAFFIC_LANE,NO_IMPROPER_ACTION
2445166,2,REAR_END,-111.683954509649,33.4663302766655,2,FOUR_WAY_INTERSECTION,REAR_END,MESA,2010-09-06 09:38:00,DROVE_RODE_IN_OPPOSING_TRAFFIC_LANE,NO_IMPROPER_ACTION
2445191,2,ANGLE_FRONT_TO_SIDE,-111.930489633705,33.4730203605125,4,ROUNDABOUT,ANGLE_FRONT_TO_SIDE,SCOTTSDALE,2010-09-08 15:34:00,NO_IMPROPER_ACTION,FAILED_TO_YIELD_RIGHT_OF_WAY_103
2445211,2,ANGLE_FRONT_TO_SIDE,-111.722390597766,33.3792531704195,3,FOUR_WAY_INTERSECTION,ANGLE_FRONT_TO_SIDE,GILBERT,2010-09-10 17:11:00,NO_IMPROPER_ACTION,FAILED_TO_YIELD_RIGHT_OF_WAY_103
2445228,2,ANGLE_FRONT_TO_SIDE,-111.752960016479,32.9014918176655,1,T_INTERSECTION,ANGLE_FRONT_TO_SIDE,CASA GRANDE,2010-09-03 18:00:00,NO_IMPROPER_ACTION,FAILED_TO_YIELD_RIGHT_OF_WAY_103
2445256,2,UNKNOWN_99,-111.714325420868,32.9123033098322,2,NOT_AT_INTERSECTION_0,UNKNOWN_99,CASA GRANDE,2010-09-16 18:30:00,NO_IMPROPER_ACTION,UNKNOWN_99
2445276,2,SIDESWIPE_SAME_DIRECTION,-111.874969300855,33.4148493037177,2,NOT_AT_INTERSECTION_0,SIDESWIPE_SAME_DIRECTION,MESA,2010-09-18 06:40:00,UNKNOWN_99,SPEED_TOO_FAST_FOR_CONDITIONS
2445317,2,ANGLE_FRONT_TO_SIDE,-111.75730489891,32.8935896768991,2,NOT_AT_INTERSECTION_0,ANGLE_FRONT_TO_SIDE,CASA GRANDE,2010-09-21 10:29:00,DROVE_RODE_IN_OPPOSING_TRAFFIC_LANE,NO_IMPROPER_ACTION
2445335,2,LEFT_TURN,-111.704725459054,33.3649407557056,4,FOUR_WAY_INTERSECTION,LEFT_TURN,GILBERT,2010-09-16 18:09:00,NO_IMPROPER_ACTION,DISREGARDED_TRAFFIC_SIGNAL+NOT_APPLICABLE_MINUS_1
2445344,2,ANGLE_FRONT_TO_SIDE,-111.789586471186,33.3500089878306,3,FOUR_WAY_INTERSECTION,ANGLE_FRONT_TO_SIDE,GILBERT,2010-09-19 09:12:00,NO_IMPROPER_ACTION,FAILED_TO_YIELD_RIGHT_OF_WAY_103
2445365,2,OTHER_97,-111.708999895305,33.3649204947354,2,T_INTERSECTION,OTHER_97,GILBERT,2010-09-17 07:09:00,NO_IMPROPER_ACTION,NOT_APPLICABLE_MINUS_1+FAILED_TO_YIELD_RIGHT_OF_WAY_103
2445400,3,HEAD_ON,-111.789755910836,33.3596231581886,2,FOUR_WAY_INTERSECTION,HEAD_ON,GILBERT,2010-09-16 11:45:00,NO_IMPROPER_ACTION,DISREGARDED_TRAFFIC_SIGNAL+NOT_APPLICABLE_MINUS_1+NO_IMPROPER_ACTION+NOT_APPLICABLE_MINUS_1+NOT_APPLICABLE_MINUS_1+NOT_APPLICABLE_MINUS_1
2445405,2,ANGLE_FRONT_TO_SIDE,0,0,2,T_INTERSECTION,ANGLE_FRONT_TO_SIDE,GILBERT,2010-09-22 07:34:00,DISREGARDED_PAVEMENT_MARKINGS,NO_IMPROPER_ACTION
2445431,2,ANGLE_FRONT_TO_SIDE,-111.909111933467,33.3941144000207,3,NOT_AT_INTERSECTION_0,ANGLE_FRONT_TO_SIDE,TEMPE,2010-09-13 15:31:00,FAILED_TO_YIELD_RIGHT_OF_WAY_103,NO_IMPROPER_ACTION
2445446,2,ANGLE_FRONT_TO_SIDE,-111.926266371609,33.4147587828029,1,FOUR_WAY_INTERSECTION,ANGLE_FRONT_TO_SIDE,TEMPE,2010-09-13 19:20:00,FAILED_TO_YIELD_RIGHT_OF_WAY_103,NO_IMPROPER_ACTION+NOT_APPLICABLE_MINUS_1
2445457,2,ANGLE_FRONT_TO_SIDE,-111.856285964024,33.429400530307,1,FOUR_WAY_INTERSECTION,ANGLE_FRONT_TO_SIDE,MESA,2010-09-05 13:29:00,INATTENTION_DISTRACTION,NOT_APPLICABLE_MINUS_1+INATTENTION_DISTRACTION+NOT_APPLICABLE_MINUS_1+NOT_APPLICABLE_MINUS_1+NOT_APPLICABLE_MINUS_1
2445573,2,ANGLE_FRONT_TO_SIDE,-111.857262755572,33.3908848626829,3,T_INTERSECTION,ANGLE_FRONT_TO_SIDE,MESA,2010-09-24 11:09:00,NO_IMPROPER_ACTION,FAILED_TO_YIELD_RIGHT_OF_WAY_103
2445583,2,ANGLE_FRONT_TO_SIDE,-111.782581000301,33.3802892311646,3,FOUR_WAY_INTERSECTION,ANGLE_FRONT_TO_SIDE,MESA,2010-09-20 14:11:00,DROVE_RODE_IN_OPPOSING_TRAFFIC_LANE,NO_IMPROPER_ACTION
2445584,2,ANGLE_FRONT_TO_SIDE,-111.840059648813,33.393329768029,3,FOUR_WAY_INTERSECTION,ANGLE_FRONT_TO_SIDE,MESA,2010-09-11 21:21:00,UNKNOWN_99,UNKNOWN_99
2445704,2,LEFT_TURN,-111.908385647361,33.3929850832085,3,NOT_AT_INTERSECTION_0,LEFT_TURN,TEMPE,2010-09-08 14:51:00,OTHER_97,NO_IMPROPER_ACTION
2445726,3,SIDESWIPE_SAME_DIRECTION,-111.772974345356,33.466388223189,4,NOT_AT_INTERSECTION_0,SIDESWIPE_SAME_DIRECTION,MESA,2010-09-21 05:42:00,UNKNOWN_99+NO_IMPROPER_ACTION,UNKNOWN_99
2445750,2,ANGLE_FRONT_TO_SIDE,-111.856452222348,33.4209866884954,2,NOT_AT_INTERSECTION_0,ANGLE_FRONT_TO_SIDE,MESA,2010-09-21 18:09:00,DROVE_RODE_IN_OPPOSING_TRAFFIC_LANE,NO_IMPROPER_ACTION
2445751,2,ANGLE_FRONT_TO_SIDE,-111.805332505486,33.4060945613724,3,T_INTERSECTION,ANGLE_FRONT_TO_SIDE,MESA,2010-09-20 15:29:00,DROVE_RODE_IN_OPPOSING_TRAFFIC_LANE,NO_IMPROPER_ACTION
2445766,2,LEFT_TURN,-111.67555831377,33.4514510755801,2,ROUNDABOUT,LEFT_TURN,MESA,2010-09-21 15:26:00,NO_IMPROPER_ACTION,FAILED_TO_YIELD_RIGHT_OF_WAY_103
2445806,2,SIDESWIPE_OPPOSITE_DIRECTION,-111.872767228643,33.4221269528047,2,NOT_AT_INTERSECTION_0,SIDESWIPE_OPPOSITE_DIRECTION,MESA,2010-09-11 21:49:00,NO_IMPROPER_ACTION,FAILED_TO_YIELD_RIGHT_OF_WAY_103
2445836,2,SIDESWIPE_SAME_DIRECTION,-111.786605039787,33.4153931804116,2,NOT_AT_INTERSECTION_0,SIDESWIPE_SAME_DIRECTION,MESA,2010-09-23 23:55:00,MADE_IMPROPER_TURN,NO_IMPROPER_ACTION
2445842,2,OTHER_97,-112.073813097798,33.4482410804499,3,NOT_AT_INTERSECTION_0,OTHER_97,MESA,2010-09-06 17:02:00,NO_IMPROPER_ACTION,FAILED_TO_YIELD_RIGHT_OF_WAY_103
2445851,2,LEFT_TURN,-111.789753555819,33.3597599459359,2,NOT_AT_INTERSECTION_0,LEFT_TURN,GILBERT,2010-09-05 16:50:00,NO_IMPROPER_ACTION,INATTENTION_DISTRACTION
2445852,2,ANGLE_FRONT_TO_SIDE,-110.95801019756,32.2330035239996,2,NOT_AT_INTERSECTION_0,ANGLE_FRONT_TO_SIDE,TUCSON,2010-09-27 16:05:00,NO_IMPROPER_ACTION,FAILED_TO_YIELD_RIGHT_OF_WAY_103+NOT_APPLICABLE_MINUS_1
2445929,2,ANGLE_FRONT_TO_SIDE,-111.794735772985,33.4007581907276,3,T_INTERSECTION,ANGLE_FRONT_TO_SIDE,MESA,2010-09-30 07:41:00,SPEED_TOO_FAST_FOR_CONDITIONS,NO_IMPROPER_ACTION
2445966,2,ANGLE_FRONT_TO_SIDE,-111.952670264603,33.4219088425057,3,NOT_AT_INTERSECTION_0,ANGLE_FRONT_TO_SIDE,TEMPE,2010-09-23 08:22:00,DROVE_RODE_IN_OPPOSING_TRAFFIC_LANE,OTHER_97
2445974,2,SIDESWIPE_OPPOSITE_DIRECTION,-111.719365044885,33.3902337920503,4,FOUR_WAY_INTERSECTION,SIDESWIPE_OPPOSITE_DIRECTION,MESA,2010-09-22 15:40:00,DISREGARDED_TRAFFIC_SIGNAL,NO_IMPROPER_ACTION
2445982,2,ANGLE_FRONT_TO_SIDE,-111.926271581719,33.4074991032415,3,FOUR_WAY_INTERSECTION,ANGLE_FRONT_TO_SIDE,TEMPE,2010-09-14 11:15:00,NO_IMPROPER_ACTION,DROVE_RODE_IN_OPPOSING_TRAFFIC_LANE
2445989,2,LEFT_TURN,-111.894492634698,33.3493355479027,1,T_INTERSECTION,LEFT_TURN,TEMPE,2010-09-13 14:58:00,NO_IMPROPER_ACTION,FAILED_TO_YIELD_RIGHT_OF_WAY_103
2446024,2,UNKNOWN_99,-111.848653608174,33.3928649130357,1,NOT_AT_INTERSECTION_0,UNKNOWN_99,MESA,2010-09-27 11:48:00,UNKNOWN_99,UNKNOWN_99
2446030,2,LEFT_TURN,-111.922405332585,33.41675596731,3,FOUR_WAY_INTERSECTION,LEFT_TURN,TEMPE,2010-09-21 16:38:00,NO_IMPROPER_ACTION,NOT_APPLICABLE_MINUS_1+FAILED_TO_YIELD_RIGHT_OF_WAY_103
2446039,3,SIDESWIPE_SAME_DIRECTION,-111.926081500266,33.498379996884,3,FOUR_WAY_INTERSECTION,SIDESWIPE_SAME_DIRECTION,SCOTTSDALE,2010-09-19 01:25:00,NO_IMPROPER_ACTION+NO_IMPROPER_ACTION,OTHER_UNSAFE_PASSING
2446147,2,ANGLE_FRONT_TO_SIDE,-111.926212638875,33.468335136389,4,NOT_AT_INTERSECTION_0,ANGLE_FRONT_TO_SIDE,SCOTTSDALE,2010-09-22 20:04:00,KNOWINGLY_OPERATED_WITH_FAULTY_MISSING_EQUIPMENT,NO_IMPROPER_ACTION
2446148,2,SIDESWIPE_SAME_DIRECTION,-111.829703081044,33.5897037286723,3,NOT_AT_INTERSECTION_0,SIDESWIPE_SAME_DIRECTION,SCOTTSDALE,2010-09-23 06:41:00,NO_IMPROPER_ACTION,SPEED_TOO_FAST_FOR_CONDITIONS
2446177,2,SIDESWIPE_SAME_DIRECTION,-111.922039487435,33.4803693914956,3,NOT_AT_INTERSECTION_0,SIDESWIPE_SAME_DIRECTION,SCOTTSDALE,2010-09-28 07:37:00,NO_IMPROPER_ACTION,OTHER_UNSAFE_PASSING
2446262,2,SIDESWIPE_SAME_DIRECTION,-111.779668104585,33.4517966874353,2,NOT_AT_INTERSECTION_0,SIDESWIPE_SAME_DIRECTION,MESA,2010-09-30 06:26:00,NO_IMPROPER_ACTION,FAILED_TO_KEEP_IN_PROPER_LANE+NOT_APPLICABLE_MINUS_1
2446350,2,OTHER_97,-111.876677679243,33.3640587777784,3,FOUR_WAY_INTERSECTION,OTHER_97,MESA,2010-09-30 18:20:00,OTHER_97,NOT_APPLICABLE_MINUS_1+FAILED_TO_YIELD_RIGHT_OF_WAY_103
2446375,2,LEFT_TURN,-111.956477362808,33.4424900075104,2,NOT_AT_INTERSECTION_0,LEFT_TURN,TEMPE,2010-09-27 11:25:00,UNKNOWN_99,UNKNOWN_99
2446508,2,ANGLE_FRONT_TO_SIDE,-112.14540263752,33.8706663749139,2,NOT_REPORTED_255,ANGLE_FRONT_TO_SIDE,UNSPECIFIED_999,2010-09-28 09:08:00,NO_IMPROPER_ACTION,NOT_APPLICABLE_MINUS_1+NO_IMPROPER_ACTION
2446898,2,SIDESWIPE_SAME_DIRECTION,-111.849459363345,33.4295045678567,2,NOT_AT_INTERSECTION_0,SIDESWIPE_SAME_DIRECTION,MESA,2010-09-27 06:40:00,DROVE_RODE_IN_OPPOSING_TRAFFIC_LANE,NO_IMPROPER_ACTION
2446937,2,HEAD_ON,-111.735726146829,32.8795917279088,2,FOUR_WAY_INTERSECTION,HEAD_ON,CASA GRANDE,2010-09-13 08:37:00,DROVE_RODE_IN_OPPOSING_TRAFFIC_LANE,NO_IMPROPER_ACTION
2446943,2,ANGLE_FRONT_TO_SIDE,-111.933070795113,33.4801853955788,2,FOUR_WAY_INTERSECTION,ANGLE_FRONT_TO_SIDE,SCOTTSDALE,2010-10-19 15:51:00,DROVE_RODE_IN_OPPOSING_TRAFFIC_LANE,NO_IMPROPER_ACTION
2446981,2,OTHER_97,-111.841091228578,33.3787692993093,3,FOUR_WAY_INTERSECTION,OTHER_97,MESA,2010-09-16 09:44:00,DROVE_RODE_IN_OPPOSING_TRAFFIC_LANE,INATTENTION_DISTRACTION
2447109,2,SIDESWIPE_SAME_DIRECTION,0,0,2,NOT_AT_INTERSECTION_0,SIDESWIPE_SAME_DIRECTION,TEMPE,2010-09-22 07:59:00,FAILED_TO_YIELD_RIGHT_OF_WAY_103,NO_IMPROPER_ACTION
2447129,2,ANGLE_FRONT_TO_SIDE,-111.911245982939,33.3637610666464,3,FOUR_WAY_INTERSECTION,ANGLE_FRONT_TO_SIDE,TEMPE,2010-09-17 07:45:00,NO_IMPROPER_ACTION,FAILED_TO_YIELD_RIGHT_OF_WAY_103
2447145,2,ANGLE_FRONT_TO_SIDE,-111.936633279045,33.3637540826489,1,T_INTERSECTION,ANGLE_FRONT_TO_SIDE,TEMPE,2010-09-15 19:50:00,DROVE_RODE_IN_OPPOSING_TRAFFIC_LANE,UNKNOWN_99
2447181,2,LEFT_TURN,-111.83145761064,33.4169990852931,1,NOT_AT_INTERSECTION_0,LEFT_TURN,MESA,2010-10-30 11:00:00,DROVE_RODE_IN_OPPOSING_TRAFFIC_LANE,NO_IMPROPER_ACTION
2447213,2,ANGLE_FRONT_TO_SIDE,-111.736395374308,33.428358017929,4,T_INTERSECTION,ANGLE_FRONT_TO_SIDE,MESA,2010-10-19 11:33:00,DROVE_RODE_IN_OPPOSING_TRAFFIC_LANE,NO_IMPROPER_ACTION
2447259,2,ANGLE_FRONT_TO_SIDE,-111.814049898768,33.4262862184246,3,NOT_AT_INTERSECTION_0,ANGLE_FRONT_TO_SIDE,MESA,2010-10-28 14:22:00,OTHER_97,NOT_APPLICABLE_MINUS_1+SPEED_TOO_FAST_FOR_CONDITIONS
2447263,2,ANGLE_FRONT_TO_SIDE,-111.936633267746,33.3637046109915,1,T_INTERSECTION,ANGLE_FRONT_TO_SIDE,TEMPE,2010-09-24 12:37:00,DROVE_RODE_IN_OPPOSING_TRAFFIC_LANE,NOT_APPLICABLE_MINUS_1+NO_IMPROPER_ACTION
2447448,2,ANGLE_FRONT_TO_SIDE,-111.90875983782,33.5820535329858,3,FOUR_WAY_INTERSECTION,ANGLE_FRONT_TO_SIDE,SCOTTSDALE,2010-10-29 15:37:00,DISREGARDED_TRAFFIC_SIGNAL,NO_IMPROPER_ACTION
2447453,2,ANGLE_FRONT_TO_SIDE,-111.92584514584,33.5565156338042,3,T_INTERSECTION,ANGLE_FRONT_TO_SIDE,SCOTTSDALE,2010-10-31 11:37:00,NO_IMPROPER_ACTION,FAILED_TO_YIELD_RIGHT_OF_WAY_103
2447472,2,ANGLE_FRONT_TO_SIDE,-110.943951025451,32.2328112187654,3,INTERSECTION_AS_PART_OF_INTERCHANGE,ANGLE_FRONT_TO_SIDE,TUCSON,2010-09-02 10:44:00,DROVE_RODE_IN_OPPOSING_TRAFFIC_LANE,NO_IMPROPER_ACTION
2447493,2,ANGLE_FRONT_TO_SIDE,-111.874539508402,33.4070309392928,2,NOT_AT_INTERSECTION_0,ANGLE_FRONT_TO_SIDE,MESA,2010-09-13 16:39:00,NO_IMPROPER_ACTION,UNKNOWN_99
2447977,2,REAR_END,-110.950756286026,32.2348626734275,3,UNKNOWN_99,REAR_END,TUCSON,2010-09-24 14:01:00,NO_IMPROPER_ACTION,UNKNOWN_99
2448022,2,ANGLE_FRONT_TO_SIDE,-112.142925477661,33.5646644359882,2,T_INTERSECTION,ANGLE_FRONT_TO_SIDE,PHOENIX,2010-09-14 15:33:00,INATTENTION_DISTRACTION,NO_IMPROPER_ACTION
2448025,2,ANGLE_FRONT_TO_SIDE,-112.073813097798,33.4482410804499,3,FOUR_WAY_INTERSECTION,ANGLE_FRONT_TO_SIDE,SIERRA VISTA,2010-09-28 11:44:00,UNKNOWN_99,UNKNOWN_99
2448027,2,ANGLE_FRONT_TO_SIDE,-111.989037376038,33.3232439786909,2,UNKNOWN_99,ANGLE_FRONT_TO_SIDE,PHOENIX,2010-09-15 07:24:00,DROVE_RODE_IN_OPPOSING_TRAFFIC_LANE,NO_IMPROPER_ACTION
2448055,2,SIDESWIPE_SAME_DIRECTION,-112.276729606122,33.6127589401154,1,FOUR_WAY_INTERSECTION,SIDESWIPE_SAME_DIRECTION,UNSPECIFIED_999,2010-10-09 09:38:00,NO_IMPROPER_ACTION,INATTENTION_DISTRACTION
2448069,2,ANGLE_FRONT_TO_SIDE,-111.57202192565,33.4150735850865,2,FOUR_WAY_INTERSECTION,ANGLE_FRONT_TO_SIDE,APACHE JUNCTION,2010-09-23 17:00:00,OTHER_97,NO_IMPROPER_ACTION
2448358,2,LEFT_TURN,-111.66652753921,35.1842283209613,3,NOT_REPORTED_255,LEFT_TURN,FLAGSTAFF,2010-09-20 20:14:00,NO_IMPROPER_ACTION,INATTENTION_DISTRACTION
2448418,2,ANGLE_FRONT_TO_SIDE,-112.128421995274,33.6546598081595,3,UNKNOWN_99,ANGLE_FRONT_TO_SIDE,PHOENIX,2010-09-16 06:52:00,DROVE_RODE_IN_OPPOSING_TRAFFIC_LANE,NOT_APPLICABLE_MINUS_1+NO_IMPROPER_ACTION
2448422,2,ANGLE_FRONT_TO_SIDE,-111.648762053779,35.2011809478279,3,NOT_REPORTED_255,ANGLE_FRONT_TO_SIDE,FLAGSTAFF,2010-09-29 08:25:00,OTHER_UNSAFE_PASSING,NO_IMPROPER_ACTION
2448425,2,ANGLE_FRONT_TO_SIDE,-112.065035912022,33.4998608411584,1,UNKNOWN_99,ANGLE_FRONT_TO_SIDE,PHOENIX,2010-09-21 09:31:00,DROVE_RODE_IN_OPPOSING_TRAFFIC_LANE,NO_IMPROPER_ACTION
2448436,2,ANGLE_FRONT_TO_SIDE,-112.003383682565,33.586250330492,2,FOUR_WAY_INTERSECTION,ANGLE_FRONT_TO_SIDE,PHOENIX,2010-09-18 09:53:00,NO_IMPROPER_ACTION,OTHER_97
2448497,2,ANGLE_FRONT_TO_SIDE,-111.644902682838,35.1966865333207,3,NOT_AT_INTERSECTION_0,ANGLE_FRONT_TO_SIDE,FLAGSTAFF,2010-09-30 16:28:00,OTHER_UNSAFE_PASSING,NO_IMPROPER_ACTION
2448537,2,LEFT_TURN,-112.111819112324,33.6547053002465,3,T_INTERSECTION,LEFT_TURN,PHOENIX,2010-09-18 10:31:00,NO_IMPROPER_ACTION,OTHER_97
2448582,2,ANGLE_FRONT_TO_SIDE,-112.073611993941,33.4838995625175,3,FOUR_WAY_INTERSECTION,ANGLE_FRONT_TO_SIDE,PHOENIX,2010-09-21 17:17:00,DISREGARDED_TRAFFIC_SIGNAL,NO_IMPROPER_ACTION
2448594,2,OTHER_97,-112.012994250037,33.4966526677898,2,FOUR_WAY_INTERSECTION,OTHER_97,PHOENIX,2010-09-22 16:00:00,DROVE_RODE_IN_OPPOSING_TRAFFIC_LANE,OTHER_97
2448612,2,OTHER_97,-112.120300811575,33.6252573694438,4,FOUR_WAY_INTERSECTION,OTHER_97,PHOENIX,2010-09-22 15:29:00,OTHER_97,INATTENTION_DISTRACTION
2448706,2,ANGLE_FRONT_TO_SIDE,-112.078134146937,33.4729791787216,4,ROUNDABOUT,ANGLE_FRONT_TO_SIDE,PHOENIX,2010-09-23 16:13:00,NO_IMPROPER_ACTION,NOT_APPLICABLE_MINUS_1+FAILED_TO_YIELD_RIGHT_OF_WAY_103