IncidentID,num_vehicles_involved,eCollisionManner,Longitude,Latitude,InjurySeverity,eIntersectionType,eCollisionManner,city_name,IncidentDateTime,cyclist_citations,driver_citations
2463811,2,ANGLE_FRONT_TO_SIDE,-112.04711998974,33.4071911150853,2,UNKNOWN_99,ANGLE_FRONT_TO_SIDE,PHOENIX,2010-10-26 19:00:00,DID_NOT_USE_CROSSWALK,OTHER_97
2463904,2,ANGLE_FRONT_TO_SIDE,-112.012995949136,33.4952290579582,2,FOUR_WAY_INTERSECTION,ANGLE_FRONT_TO_SIDE,PHOENIX,2010-10-22 15:57:00,DISREGARDED_TRAFFIC_SIGNAL,NO_IMPROPER_ACTION
2463911,2,OTHER_97,-112.133959679514,33.5962754015753,2,UNKNOWN_99,OTHER_97,PHOENIX,2010-10-28 07:11:00,DROVE_RODE_IN_OPPOSING_TRAFFIC_LANE,INATTENTION_DISTRACTION
2463912,2,ANGLE_FRONT_TO_SIDE,-112.131850360078,33.6524954118585,1,T_INTERSECTION,ANGLE_FRONT_TO_SIDE,PHOENIX,2010-10-24 02:30:00,NO_IMPROPER_ACTION,MADE_IMPROPER_TURN
2463998,2,LEFT_TURN,-111.692812734658,33.4518654011403,2,FOUR_WAY_INTERSECTION,LEFT_TURN,MESA,2010-10-22 14:10:00,OTHER_97,NO_IMPROPER_ACTION+NOT_APPLICABLE_MINUS_1
2464042,2,ANGLE_FRONT_TO_SIDE,0,0,3,UNKNOWN_99,ANGLE_FRONT_TO_SIDE,PHOENIX,2010-10-27 16:44:00,DROVE_RODE_IN_OPPOSING_TRAFFIC_LANE,NOT_APPLICABLE_MINUS_1+NOT_APPLICABLE_MINUS_1+NO_IMPROPER_ACTION
2464158,2,REAR_END,-111.175814211632,32.3214490107695,3,UNKNOWN_99,REAR_END,UNSPECIFIED_999,2010-10-30 10:07:00,NO_IMPROPER_ACTION,NOT_APPLICABLE_MINUS_1+SPEED_TOO_FAST_FOR_CONDITIONS
2464284,2,ANGLE_FRONT_TO_SIDE,-111.062798045107,32.3519227375411,2,FOUR_WAY_INTERSECTION,ANGLE_FRONT_TO_SIDE,UNSPECIFIED_999,2010-10-29 17:00:00,MADE_IMPROPER_TURN,NOT_APPLICABLE_MINUS_1+NOT_APPLICABLE_MINUS_1+NO_IMPROPER_ACTION
2464823,2,LEFT_TURN,-110.875480810516,32.2380324686619,2,FOUR_WAY_INTERSECTION,LEFT_TURN,TUCSON,2010-10-19 15:56:00,NO_IMPROPER_ACTION,FAILED_TO_YIELD_RIGHT_OF_WAY_103+NOT_APPLICABLE_MINUS_1
2464837,2,OTHER_97,-111.926267641823,33.4357202451938,2,Y_INTERSECTION,OTHER_97,TEMPE,2010-11-03 17:11:00,NO_IMPROPER_ACTION,UNKNOWN_99
2464904,2,SIDESWIPE_OPPOSITE_DIRECTION,-112.117345185211,33.5676052869149,3,FOUR_WAY_INTERSECTION,SIDESWIPE_OPPOSITE_DIRECTION,PHOENIX,2010-11-02 09:43:00,DISREGARDED_TRAFFIC_SIGNAL,NOT_APPLICABLE_MINUS_1+NO_IMPROPER_ACTION
2464982,2,ANGLE_FRONT_TO_SIDE,-112.05273077739,33.5092239502173,2,UNKNOWN_99,ANGLE_FRONT_TO_SIDE,PHOENIX,2010-10-31 11:49:00,DROVE_RODE_IN_OPPOSING_TRAFFIC_LANE,FAILED_TO_YIELD_RIGHT_OF_WAY_103+NOT_APPLICABLE_MINUS_1
2465014,2,LEFT_TURN,-110.968399848441,32.2198820847066,4,UNKNOWN_99,LEFT_TURN,TUCSON,2010-10-18 08:36:00,NO_IMPROPER_ACTION,FAILED_TO_YIELD_RIGHT_OF_WAY_103
2465017,2,OTHER_97,-110.818564113905,32.2064470551955,1,UNKNOWN_99,OTHER_97,TUCSON,2010-10-18 07:58:00,NO_IMPROPER_ACTION,INATTENTION_DISTRACTION
2465124,2,HEAD_ON,-112.030405532812,33.4239406643952,4,FOUR_WAY_INTERSECTION,HEAD_ON,PHOENIX,2010-10-29 08:59:00,DROVE_RODE_IN_OPPOSING_TRAFFIC_LANE,NO_IMPROPER_ACTION
2465137,2,UNKNOWN_99,-112.017380850355,33.4804406748516,3,UNKNOWN_99,UNKNOWN_99,PHOENIX,2010-10-23 10:00:00,NO_IMPROPER_ACTION,OTHER_97
2465144,2,OTHER_97,-112.134250394247,33.5669366616852,2,UNKNOWN_99,OTHER_97,PHOENIX,2010-10-29 11:14:00,DROVE_RODE_IN_OPPOSING_TRAFFIC_LANE,NO_IMPROPER_ACTION
2465149,2,ANGLE_FRONT_TO_SIDE,-112.012765739332,33.4768021105564,1,FOUR_WAY_INTERSECTION,ANGLE_FRONT_TO_SIDE,PHOENIX,2010-10-26 15:08:00,INATTENTION_DISTRACTION,NO_IMPROPER_ACTION
2465165,2,UNKNOWN_99,0,0,3,T_INTERSECTION,UNKNOWN_99,PHOENIX,2010-10-14 14:51:00,DID_NOT_USE_CROSSWALK,NO_IMPROPER_ACTION
2465171,2,ANGLE_FRONT_TO_SIDE,-111.998728420267,33.62638447394,3,FOUR_WAY_INTERSECTION,ANGLE_FRONT_TO_SIDE,PHOENIX,2010-10-19 13:13:00,OTHER_97,NOT_APPLICABLE_MINUS_1+NO_IMPROPER_ACTION
2465188,2,ANGLE_FRONT_TO_SIDE,-112.255013125093,33.5055560573949,2,FOUR_WAY_INTERSECTION,ANGLE_FRONT_TO_SIDE,PHOENIX,2010-10-15 11:53:00,OTHER_97,NO_IMPROPER_ACTION
2465520,2,ANGLE_FRONT_TO_SIDE,-111.874379778964,33.4221330097823,2,FOUR_WAY_INTERSECTION,ANGLE_FRONT_TO_SIDE,MESA,2010-11-03 20:02:00,DISREGARDED_TRAFFIC_SIGNAL,NOT_APPLICABLE_MINUS_1+NO_IMPROPER_ACTION+NOT_APPLICABLE_MINUS_1+NOT_APPLICABLE_MINUS_1
2465526,2,ANGLE_FRONT_TO_SIDE,-111.892084164147,33.3647131708749,2,T_INTERSECTION,ANGLE_FRONT_TO_SIDE,MESA,2010-11-05 10:12:00,DROVE_RODE_IN_OPPOSING_TRAFFIC_LANE,NO_IMPROPER_ACTION
2465582,2,SIDESWIPE_OPPOSITE_DIRECTION,-111.696096499761,33.4466911614206,2,NOT_AT_INTERSECTION_0,SIDESWIPE_OPPOSITE_DIRECTION,MESA,2010-11-05 17:47:00,FAILED_TO_KEEP_IN_PROPER_LANE,NO_IMPROPER_ACTION
2465583,2,OTHER_97,-111.814100839231,33.4151113843969,2,FOUR_WAY_INTERSECTION,OTHER_97,MESA,2010-11-05 16:57:00,NO_IMPROPER_ACTION,NOT_APPLICABLE_MINUS_1+FAILED_TO_YIELD_RIGHT_OF_WAY_103+NOT_APPLICABLE_MINUS_1+NOT_APPLICABLE_MINUS_1
2465589,2,OTHER_97,-111.788242426655,33.4162095673262,3,NOT_AT_INTERSECTION_0,OTHER_97,MESA,2010-11-01 13:40:00,OTHER_97,NO_IMPROPER_ACTION
2465623,2,OTHER_97,-112.078850355281,33.4947884669106,3,UNKNOWN_99,OTHER_97,PHOENIX,2010-09-20 11:42:00,OTHER_97,INATTENTION_DISTRACTION
2465625,2,OTHER_97,-112.028585284398,33.6695046063952,3,NOT_AT_INTERSECTION_0,OTHER_97,PHOENIX,2010-09-27 16:33:00,NO_IMPROPER_ACTION,FAILED_TO_YIELD_RIGHT_OF_WAY_103
2465626,2,OTHER_97,-112.255014399626,33.5039210706716,3,UNKNOWN_99,OTHER_97,PHOENIX,2010-09-28 08:00:00,FAILED_TO_YIELD_RIGHT_OF_WAY_103,NO_IMPROPER_ACTION+NOT_APPLICABLE_MINUS_1
2465627,2,OTHER_97,-112.134232761493,33.5016880076905,2,UNKNOWN_99,OTHER_97,PHOENIX,2010-09-29 07:02:00,OTHER_97,NO_IMPROPER_ACTION
2465727,2,ANGLE_FRONT_TO_SIDE,-111.796993815767,33.3789709817938,3,T_INTERSECTION,ANGLE_FRONT_TO_SIDE,MESA,2010-11-01 16:04:00,DROVE_RODE_IN_OPPOSING_TRAFFIC_LANE,NO_IMPROPER_ACTION
2465849,2,ANGLE_FRONT_TO_SIDE,-111.808896107095,33.3490515541497,3,T_INTERSECTION,ANGLE_FRONT_TO_SIDE,GILBERT,2010-11-18 08:43:00,DROVE_RODE_IN_OPPOSING_TRAFFIC_LANE,NO_IMPROPER_ACTION
2465873,2,ANGLE_FRONT_TO_SIDE,-112.08239594851,33.4222026596678,3,T_INTERSECTION,ANGLE_FRONT_TO_SIDE,PHOENIX,2010-10-23 17:39:00,NO_IMPROPER_ACTION,INATTENTION_DISTRACTION
2465888,2,LEFT_TURN,-111.809842889788,33.335343187316,3,NOT_REPORTED_255,LEFT_TURN,GILBERT,2010-11-09 16:35:00,FAILED_TO_KEEP_IN_PROPER_LANE,INATTENTION_DISTRACTION
2465921,2,ANGLE_FRONT_TO_SIDE,-111.824418031084,33.3589831327521,3,T_INTERSECTION,ANGLE_FRONT_TO_SIDE,GILBERT,2010-11-09 06:41:00,OTHER_97,NO_IMPROPER_ACTION
2465926,2,ANGLE_FRONT_TO_SIDE,-112.030244331897,33.4675380914297,3,NOT_REPORTED_255,ANGLE_FRONT_TO_SIDE,PHOENIX,2010-08-23 18:28:00,OTHER_97,INATTENTION_DISTRACTION
2465965,2,LEFT_TURN,-111.618773050181,33.3715665875122,2,FOUR_WAY_INTERSECTION,LEFT_TURN,MESA,2010-11-10 10:10:00,NO_IMPROPER_ACTION,FAILED_TO_YIELD_RIGHT_OF_WAY_103
2466016,2,ANGLE_FRONT_TO_SIDE,-111.773329202386,33.3645854238161,3,FOUR_WAY_INTERSECTION,ANGLE_FRONT_TO_SIDE,GILBERT,2010-11-10 07:29:00,INATTENTION_DISTRACTION,NO_IMPROPER_ACTION
2466045,5,ANGLE_FRONT_TO_SIDE,-111.742852573615,33.3213191949124,4,FOUR_WAY_INTERSECTION,ANGLE_FRONT_TO_SIDE,GILBERT,2010-11-10 19:11:00,DISREGARDED_TRAFFIC_SIGNAL+DISREGARDED_TRAFFIC_SIGNAL+DISREGARDED_TRAFFIC_SIGNAL,NO_IMPROPER_ACTION+NO_IMPROPER_ACTION
2466065,2,ANGLE_FRONT_TO_SIDE,-111.78984061539,33.3644494766535,3,FOUR_WAY_INTERSECTION,ANGLE_FRONT_TO_SIDE,GILBERT,2010-11-05 17:50:00,DISREGARDED_TRAFFIC_SIGNAL,NO_IMPROPER_ACTION
2466066,2,ANGLE_FRONT_TO_SIDE,-111.728349804428,33.4155218437433,2,NOT_AT_INTERSECTION_0,ANGLE_FRONT_TO_SIDE,MESA,2010-11-01 08:25:00,DROVE_RODE_IN_OPPOSING_TRAFFIC_LANE,NO_IMPROPER_ACTION
2466085,2,LEFT_TURN,-111.720767311706,33.2849243923533,2,T_INTERSECTION,LEFT_TURN,GILBERT,2010-11-06 12:33:00,OTHER_97,NO_IMPROPER_ACTION+NOT_APPLICABLE_MINUS_1
2466087,2,LEFT_TURN,-111.777468377066,33.4285845076673,3,NOT_AT_INTERSECTION_0,LEFT_TURN,MESA,2010-11-12 08:34:00,FAILED_TO_KEEP_IN_PROPER_LANE,NO_IMPROPER_ACTION
2466106,2,LEFT_TURN,-111.729450294524,33.3792227927792,2,T_INTERSECTION,LEFT_TURN,GILBERT,2010-11-11 16:58:00,DROVE_RODE_IN_OPPOSING_TRAFFIC_LANE,NO_IMPROPER_ACTION
2466174,2,SIDESWIPE_SAME_DIRECTION,-111.636174746348,33.3777149699618,3,NOT_AT_INTERSECTION_0,SIDESWIPE_SAME_DIRECTION,MESA,2010-11-07 13:03:00,NO_IMPROPER_ACTION,FAILED_TO_YIELD_RIGHT_OF_WAY_103
2466185,2,OTHER_97,-112.220057783001,33.6341744750699,3,T_INTERSECTION,OTHER_97,PEORIA,2010-11-01 11:58:00,DROVE_RODE_IN_OPPOSING_TRAFFIC_LANE,INATTENTION_DISTRACTION
2466210,3,SIDESWIPE_SAME_DIRECTION,-111.814061733858,33.4232823429503,3,T_INTERSECTION,SIDESWIPE_SAME_DIRECTION,MESA,2010-11-10 14:06:00,DROVE_RODE_IN_OPPOSING_TRAFFIC_LANE+DROVE_RODE_IN_OPPOSING_TRAFFIC_LANE,NO_IMPROPER_ACTION
2466226,2,ANGLE_FRONT_TO_SIDE,-111.906465716362,33.5447666785799,3,FOUR_WAY_INTERSECTION,ANGLE_FRONT_TO_SIDE,SCOTTSDALE,2010-11-03 15:41:00,FAILED_TO_KEEP_IN_PROPER_LANE,INATTENTION_DISTRACTION
2466373,2,ANGLE_FRONT_TO_SIDE,0,0,3,FOUR_WAY_INTERSECTION,ANGLE_FRONT_TO_SIDE,YUMA,2010-11-01 17:20:00,DROVE_RODE_IN_OPPOSING_TRAFFIC_LANE,OTHER_97
2466508,2,OTHER_97,-112.023438004187,33.3778957507635,3,NOT_AT_INTERSECTION_0,OTHER_97,PHOENIX,2010-09-22 07:40:00,NO_IMPROPER_ACTION,INATTENTION_DISTRACTION
2466554,2,ANGLE_FRONT_TO_SIDE,-111.655350481998,35.1952413487281,1,Y_INTERSECTION,ANGLE_FRONT_TO_SIDE,FLAGSTAFF,2010-11-03 17:01:00,OTHER_97,NO_IMPROPER_ACTION
2466628,2,LEFT_TURN,-111.960910217568,33.4219371910166,2,FOUR_WAY_INTERSECTION,LEFT_TURN,TEMPE,2010-11-01 19:11:00,FAILED_TO_YIELD_RIGHT_OF_WAY_103,NO_IMPROPER_ACTION
2466637,2,OTHER_97,-111.921948642763,33.4075091846191,2,UNKNOWN_99,OTHER_97,TEMPE,2010-11-06 16:33:00,KNOWINGLY_OPERATED_WITH_FAULTY_MISSING_EQUIPMENT,NO_IMPROPER_ACTION
2466872,2,ANGLE_FRONT_TO_SIDE,-111.841196526808,33.2185367774132,1,FOUR_WAY_INTERSECTION,ANGLE_FRONT_TO_SIDE,UNSPECIFIED_999,2010-10-12 07:33:00,OTHER_97,FAILED_TO_YIELD_RIGHT_OF_WAY_103
2466928,2,ANGLE_FRONT_TO_SIDE,-111.952153351199,33.4075100434295,2,FOUR_WAY_INTERSECTION,ANGLE_FRONT_TO_SIDE,TEMPE,2010-11-03 07:51:00,DROVE_RODE_IN_OPPOSING_TRAFFIC_LANE,NO_IMPROPER_ACTION
2466978,2,LEFT_TURN,-110.975063417653,32.3507090031764,2,FOUR_WAY_INTERSECTION,LEFT_TURN,ORO VALLEY,2010-11-14 10:45:00,NO_IMPROPER_ACTION,OTHER_97
2467020,2,ANGLE_FRONT_TO_SIDE,-111.5595356012,33.4150663599339,1,UNKNOWN_99,ANGLE_FRONT_TO_SIDE,APACHE JUNCTION,2010-11-03 13:30:00,DROVE_RODE_IN_OPPOSING_TRAFFIC_LANE,INATTENTION_DISTRACTION
2467039,2,ANGLE_FRONT_TO_SIDE,-112.238477898046,33.5820320101778,3,FOUR_WAY_INTERSECTION,ANGLE_FRONT_TO_SIDE,PEORIA,2010-11-12 18:24:00,NO_IMPROPER_ACTION,INATTENTION_DISTRACTION
2467257,2,ANGLE_FRONT_TO_SIDE,-111.646028510696,35.2070018689395,1,T_INTERSECTION,ANGLE_FRONT_TO_SIDE,FLAGSTAFF,2010-11-15 17:58:00,NO_IMPROPER_ACTION,NO_IMPROPER_ACTION
2467269,2,ANGLE_FRONT_TO_SIDE,-111.959221218614,33.3928678926836,3,UNKNOWN_99,ANGLE_FRONT_TO_SIDE,TEMPE,2010-11-02 18:05:00,NO_IMPROPER_ACTION,INATTENTION_DISTRACTION
2467337,2,ANGLE_FRONT_TO_SIDE,-111.652614704102,35.1923928889632,2,FOUR_WAY_INTERSECTION,ANGLE_FRONT_TO_SIDE,FLAGSTAFF,2010-11-10 12:17:00,INATTENTION_DISTRACTION,NO_IMPROPER_ACTION
2467536,2,ANGLE_FRONT_TO_SIDE,-110.962804994027,32.4271999908435,1,T_INTERSECTION,ANGLE_FRONT_TO_SIDE,ORO VALLEY,2010-11-16 08:47:00,NO_IMPROPER_ACTION,NO_IMPROPER_ACTION
2467559,2,LEFT_TURN,-110.961175901367,32.4244236764603,3,FOUR_WAY_INTERSECTION,LEFT_TURN,ORO VALLEY,2010-11-12 10:38:00,NO_IMPROPER_ACTION,NOT_APPLICABLE_MINUS_1+MADE_IMPROPER_TURN
2467616,2,ANGLE_FRONT_TO_SIDE,-111.926271830661,33.4097610410671,3,T_INTERSECTION,ANGLE_FRONT_TO_SIDE,TEMPE,2010-11-08 16:26:00,NO_IMPROPER_ACTION,INATTENTION_DISTRACTION
2467642,2,UNKNOWN_99,-111.550407440551,33.4223305896906,2,UNKNOWN_99,UNKNOWN_99,APACHE JUNCTION,2010-11-16 08:34:00,UNKNOWN_99,UNKNOWN_99
2467647,2,ANGLE_FRONT_TO_SIDE,-111.943043561808,33.4219205596654,3,UNKNOWN_99,ANGLE_FRONT_TO_SIDE,TEMPE,2010-11-05 15:13:00,DROVE_RODE_IN_OPPOSING_TRAFFIC_LANE,NO_IMPROPER_ACTION
2467692,2,ANGLE_FRONT_TO_SIDE,-111.926279414647,33.4132089490085,2,UNKNOWN_99,ANGLE_FRONT_TO_SIDE,TEMPE,2010-11-04 13:17:00,DROVE_RODE_IN_OPPOSING_TRAFFIC_LANE,NO_IMPROPER_ACTION
2467711,2,ANGLE_FRONT_TO_SIDE,-111.945724108769,33.349196609743,2,FOUR_WAY_INTERSECTION,ANGLE_FRONT_TO_SIDE,UNSPECIFIED_999,2010-11-08 15:20:00,NO_IMPROPER_ACTION,SPEED_TOO_FAST_FOR_CONDITIONS
2467736,2,ANGLE_FRONT_TO_SIDE,-111.900621301761,33.378447716737,3,FOUR_WAY_INTERSECTION,ANGLE_FRONT_TO_SIDE,TEMPE,2010-11-15 10:56:00,NO_IMPROPER_ACTION,FAILED_TO_YIELD_RIGHT_OF_WAY_103
2467750,2,ANGLE_FRONT_TO_SIDE,-111.916540117757,33.349026882006,3,UNKNOWN_99,ANGLE_FRONT_TO_SIDE,TEMPE,2010-11-11 16:43:00,DROVE_RODE_IN_OPPOSING_TRAFFIC_LANE,NO_IMPROPER_ACTION
2467954,2,SIDESWIPE_SAME_DIRECTION,-112.485030906199,34.5493541299345,2,UNKNOWN_99,SIDESWIPE_SAME_DIRECTION,PRESCOTT,2010-11-18 08:40:00,NO_IMPROPER_ACTION,UNKNOWN_99
2468088,2,ANGLE_FRONT_TO_SIDE,-112.112887056659,33.5095185386201,1,Y_INTERSECTION,ANGLE_FRONT_TO_SIDE,PHOENIX,2010-11-23 09:38:00,SPEED_TOO_FAST_FOR_CONDITIONS,NO_IMPROPER_ACTION
2468128,2,ANGLE_FRONT_TO_SIDE,-111.650034253306,35.1984131693631,1,UNKNOWN_99,ANGLE_FRONT_TO_SIDE,FLAGSTAFF,2010-11-12 08:12:00,INATTENTION_DISTRACTION,NO_IMPROPER_ACTION
2468325,2,ANGLE_FRONT_TO_SIDE,-111.814160482823,33.4006053560311,2,FOUR_WAY_INTERSECTION,ANGLE_FRONT_TO_SIDE,MESA,2010-11-04 07:30:00,DROVE_RODE_IN_OPPOSING_TRAFFIC_LANE,UNKNOWN_99
2468435,2,ANGLE_FRONT_TO_SIDE,-111.771079419662,33.4154421403351,3,FOUR_WAY_INTERSECTION,ANGLE_FRONT_TO_SIDE,MESA,2010-11-05 20:23:00,NO_IMPROPER_ACTION,UNKNOWN_99
2468620,2,ANGLE_FRONT_TO_SIDE,-112.115703394345,33.7026943677818,4,NOT_AT_INTERSECTION_0,ANGLE_FRONT_TO_SIDE,PHOENIX,2010-11-12 18:20:00,UNSAFE_LANE_CHANGE,NO_IMPROPER_ACTION
2468737,2,HEAD_ON,-111.876190306912,33.2876676721924,2,FOUR_WAY_INTERSECTION,HEAD_ON,CHANDLER,2010-11-24 18:41:00,FAILED_TO_YIELD_RIGHT_OF_WAY_103,FAILED_TO_YIELD_RIGHT_OF_WAY_103
2468747,2,LEFT_TURN,-111.755643754636,33.3034364636887,3,FOUR_WAY_INTERSECTION,LEFT_TURN,GILBERT,2010-11-02 15:12:00,DROVE_RODE_IN_OPPOSING_TRAFFIC_LANE,FAILED_TO_YIELD_RIGHT_OF_WAY_103+NOT_APPLICABLE_MINUS_1
2468942,2,LEFT_TURN,-111.942103273907,33.5420308052467,4,T_INTERSECTION,LEFT_TURN,PARADISE VALLEY,2010-11-20 12:10:00,OTHER_UNSAFE_PASSING,NO_IMPROPER_ACTION
2469090,2,OTHER_97,-110.952885032058,32.2359863543586,1,UNKNOWN_99,OTHER_97,TUCSON,2010-11-01 13:22:00,NO_IMPROPER_ACTION,MADE_IMPROPER_TURN
2469094,2,OTHER_97,-110.939576418624,32.2360484816289,3,FOUR_WAY_INTERSECTION,OTHER_97,TUCSON,2010-11-01 17:04:00,NO_IMPROPER_ACTION,OTHER_97
2469095,2,OTHER_97,-112.117012961157,33.6155996987385,3,T_INTERSECTION,OTHER_97,PHOENIX,2010-10-04 07:27:00,OTHER_97,NO_IMPROPER_ACTION
2469280,3,OTHER_97,-110.963156916968,32.2647986418228,3,UNKNOWN_99,OTHER_97,TUCSON,2010-11-03 21:11:00,DID_NOT_USE_CROSSWALK,NO_IMPROPER_ACTION+NO_IMPROPER_ACTION
2469297,2,UNKNOWN_99,-110.963395794824,32.2576761699582,2,FOUR_WAY_INTERSECTION,UNKNOWN_99,TUCSON,2010-11-03 19:36:00,NO_IMPROPER_ACTION,NOT_APPLICABLE_MINUS_1+OTHER_97
2469368,2,LEFT_TURN,-110.892537090924,32.2325919336414,3,T_INTERSECTION,LEFT_TURN,TUCSON,2010-11-03 17:00:00,NO_IMPROPER_ACTION,FAILED_TO_YIELD_RIGHT_OF_WAY_103
2469454,2,UNKNOWN_99,-110.973477019503,32.1340401627011,3,UNKNOWN_99,UNKNOWN_99,TUCSON,2010-11-08 17:27:00,NO_IMPROPER_ACTION,OTHER_97
2469967,2,OTHER_97,-112.113973080544,33.6398750145809,3,UNKNOWN_99,OTHER_97,PHOENIX,2010-10-27 13:23:00,DROVE_RODE_IN_OPPOSING_TRAFFIC_LANE,INATTENTION_DISTRACTION
2470233,2,OTHER_97,-111.109986945368,32.3544893164435,3,T_INTERSECTION,OTHER_97,MARANA,2010-11-12 10:37:00,OTHER_97,NO_IMPROPER_ACTION
2470313,2,ANGLE_FRONT_TO_SIDE,-112.484339894265,34.5595969985855,4,T_INTERSECTION,ANGLE_FRONT_TO_SIDE,PRESCOTT,2010-11-29 19:50:00,DROVE_RODE_IN_OPPOSING_TRAFFIC_LANE,NO_IMPROPER_ACTION+NOT_APPLICABLE_MINUS_1
2470446,2,REAR_TO_SIDE,-111.942538213076,33.4232044032858,1,UNKNOWN_99,REAR_TO_SIDE,TEMPE,2010-11-22 17:15:00,DROVE_RODE_IN_OPPOSING_TRAFFIC_LANE,NO_IMPROPER_ACTION
2470534,2,ANGLE_FRONT_TO_SIDE,-111.92616687648,33.3929576788426,1,FOUR_WAY_INTERSECTION,ANGLE_FRONT_TO_SIDE,TEMPE,2010-11-17 10:39:00,NO_IMPROPER_ACTION,OTHER_97
2470540,2,ANGLE_FRONT_TO_SIDE,-111.960910217568,33.4219371910166,3,FOUR_WAY_INTERSECTION,ANGLE_FRONT_TO_SIDE,TEMPE,2010-11-25 10:10:00,UNKNOWN_99,UNKNOWN_99
2470547,2,ANGLE_FRONT_TO_SIDE,-111.926478677782,33.4147592637817,1,FOUR_WAY_INTERSECTION,ANGLE_FRONT_TO_SIDE,TEMPE,2010-11-09 12:35:00,OTHER_97,NO_IMPROPER_ACTION
2470711,2,ANGLE_FRONT_TO_SIDE,-111.926275146015,33.4127815589196,1,FOUR_WAY_INTERSECTION,ANGLE_FRONT_TO_SIDE,TEMPE,2010-11-29 12:20:00,NO_IMPROPER_ACTION,DISREGARDED_TRAFFIC_SIGNAL
2470717,2,REAR_END,0,0,3,UNKNOWN_99,REAR_END,PEORIA,2010-11-26 13:21:00,OTHER_97,FAILED_TO_YIELD_RIGHT_OF_WAY_103
2470751,2,ANGLE_FRONT_TO_SIDE,-111.946135505968,33.4218942396791,2,UNKNOWN_99,ANGLE_FRONT_TO_SIDE,TEMPE,2010-11-30 08:39:00,DROVE_RODE_IN_OPPOSING_TRAFFIC_LANE,NO_IMPROPER_ACTION
2470772,2,ANGLE_FRONT_TO_SIDE,-111.903560873403,33.4147647421551,3,T_INTERSECTION,ANGLE_FRONT_TO_SIDE,TEMPE,2010-11-20 08:11:00,OTHER_97,NO_IMPROPER_ACTION
2470781,2,ANGLE_FRONT_TO_SIDE,-111.922517946314,33.4168556549211,3,UNKNOWN_99,ANGLE_FRONT_TO_SIDE,TEMPE,2010-11-21 22:38:00,NO_IMPROPER_ACTION,OTHER_UNSAFE_PASSING+NOT_APPLICABLE_MINUS_1
2471048,2,UNKNOWN_99,-110.866619473871,32.2506719598721,1,FOUR_WAY_INTERSECTION,UNKNOWN_99,TUCSON,2010-11-17 13:15:00,OTHER_97,NO_IMPROPER_ACTION
2471086,2,LEFT_TURN,-110.80842531937,32.2209449870115,4,UNKNOWN_99,LEFT_TURN,TUCSON,2010-11-18 17:36:00,NO_IMPROPER_ACTION,FAILED_TO_YIELD_RIGHT_OF_WAY_103+NOT_APPLICABLE_MINUS_1
2471149,2,LEFT_TURN,-110.971030712325,32.2204604056177,3,FOUR_WAY_INTERSECTION,LEFT_TURN,TUCSON,2010-11-20 17:49:00,NO_IMPROPER_ACTION,NO_IMPROPER_ACTION
2471210,2,OTHER_97,-110.857928465747,32.2333677306841,4,T_INTERSECTION,OTHER_97,TUCSON,2010-11-19 16:20:00,DROVE_RODE_IN_OPPOSING_TRAFFIC_LANE,NO_IMPROPER_ACTION
2471220,2,UNKNOWN_99,-110.943867936968,32.2454630654516,1,T_INTERSECTION,UNKNOWN_99,TUCSON,2010-11-20 15:42:00,NO_IMPROPER_ACTION,NOT_APPLICABLE_MINUS_1+FAILED_TO_YIELD_RIGHT_OF_WAY_103
2471529,2,ANGLE_FRONT_TO_SIDE,-112.100032723276,33.5096189286829,2,FOUR_WAY_INTERSECTION,ANGLE_FRONT_TO_SIDE,PHOENIX,2010-11-27 14:06:00,DISREGARDED_TRAFFIC_SIGNAL,NOT_APPLICABLE_MINUS_1+NO_IMPROPER_ACTION
2471631,2,OTHER_97,-111.987128674022,33.4510663500446,3,FOUR_WAY_INTERSECTION,OTHER_97,PHOENIX,2010-11-26 16:38:00,INATTENTION_DISTRACTION,NO_IMPROPER_ACTION
2471648,2,UNKNOWN_99,-112.116982709959,33.5095374884025,2,FOUR_WAY_INTERSECTION,UNKNOWN_99,PHOENIX,2010-11-05 12:30:00,OTHER_97,INATTENTION_DISTRACTION