IncidentID,num_vehicles_involved,eCollisionManner,Longitude,Latitude,InjurySeverity,eIntersectionType,eCollisionManner,city_name,IncidentDateTime,cyclist_citations,driver_citations
2471670,2,ANGLE_FRONT_TO_SIDE,-112.117121162696,33.6486149301048,4,UNKNOWN_99,ANGLE_FRONT_TO_SIDE,PHOENIX,2010-11-29 20:45:00,NO_IMPROPER_ACTION,NOT_APPLICABLE_MINUS_1+OTHER_UNSAFE_PASSING
2471830,2,ANGLE_FRONT_TO_SIDE,-111.947661965509,33.5019137061888,1,T_INTERSECTION,ANGLE_FRONT_TO_SIDE,PHOENIX,2010-11-19 14:20:00,DROVE_RODE_IN_OPPOSING_TRAFFIC_LANE,NOT_APPLICABLE_MINUS_1+NO_IMPROPER_ACTION
2471890,2,ANGLE_FRONT_TO_SIDE,-112.100170223118,33.5531053234059,3,FOUR_WAY_INTERSECTION,ANGLE_FRONT_TO_SIDE,PHOENIX,2010-11-17 16:56:00,OTHER_97,NO_IMPROPER_ACTION
2472011,2,LEFT_TURN,-110.840962761564,32.1919441652699,2,FOUR_WAY_INTERSECTION,LEFT_TURN,TUCSON,2010-11-26 06:38:00,FAILED_TO_KEEP_IN_PROPER_LANE,NO_IMPROPER_ACTION
2472097,2,UNKNOWN_99,-112.080462101057,33.4321686727294,1,FOUR_WAY_INTERSECTION,UNKNOWN_99,PHOENIX,2010-11-16 18:20:00,RAN_STOP_SIGN,NO_IMPROPER_ACTION
2472117,2,ANGLE_FRONT_TO_SIDE,-112.134179334638,33.5094439587941,2,UNKNOWN_99,ANGLE_FRONT_TO_SIDE,PHOENIX,2010-11-16 22:40:00,DISREGARDED_TRAFFIC_SIGNAL,OTHER_97
2472203,2,OTHER_97,-110.995037934407,32.2699505354837,3,T_INTERSECTION,OTHER_97,TUCSON,2010-11-29 06:50:00,NO_IMPROPER_ACTION,OTHER_97
2472217,2,UNKNOWN_99,-110.927306509677,32.1978223346268,3,T_INTERSECTION,UNKNOWN_99,TUCSON,2010-11-30 15:06:00,DROVE_RODE_IN_OPPOSING_TRAFFIC_LANE,NO_IMPROPER_ACTION
2472268,2,UNKNOWN_99,-111.865475588523,33.2975159808303,1,FOUR_WAY_INTERSECTION,UNKNOWN_99,CHANDLER,2010-11-07 16:38:00,INATTENTION_DISTRACTION,NO_IMPROPER_ACTION
2472458,2,LEFT_TURN,-111.876367023469,33.3132878540351,3,FOUR_WAY_INTERSECTION,LEFT_TURN,CHANDLER,2010-11-22 16:42:00,NO_IMPROPER_ACTION,OTHER_97+NOT_APPLICABLE_MINUS_1
2472480,2,ANGLE_FRONT_TO_SIDE,-111.859109244191,33.3531993794142,3,T_INTERSECTION,ANGLE_FRONT_TO_SIDE,CHANDLER,2010-11-03 11:10:00,OTHER_97,UNKNOWN_99
2472524,2,ANGLE_FRONT_TO_SIDE,-111.841673744069,33.2915809764487,4,FOUR_WAY_INTERSECTION,ANGLE_FRONT_TO_SIDE,CHANDLER,2010-11-24 15:36:00,DISREGARDED_TRAFFIC_SIGNAL,NO_IMPROPER_ACTION
2472555,2,SIDESWIPE_SAME_DIRECTION,-111.841652032696,33.3259654162355,1,UNKNOWN_99,SIDESWIPE_SAME_DIRECTION,CHANDLER,2010-11-17 23:30:00,NO_IMPROPER_ACTION,FAILED_TO_KEEP_IN_PROPER_LANE
2472575,2,UNKNOWN_99,-111.81072891097,33.3093684204837,3,FOUR_WAY_INTERSECTION,UNKNOWN_99,CHANDLER,2010-11-29 06:53:00,NO_IMPROPER_ACTION,INATTENTION_DISTRACTION
2472578,2,ANGLE_FRONT_TO_SIDE,-111.859017076783,33.3540301213408,2,T_INTERSECTION,ANGLE_FRONT_TO_SIDE,CHANDLER,2010-11-24 06:53:00,WALKED_ON_WRONG_SIDE_OF_ROAD,NO_IMPROPER_ACTION
2472594,2,ANGLE_FRONT_TO_SIDE,-111.909845620969,33.3200680268246,1,UNKNOWN_99,ANGLE_FRONT_TO_SIDE,CHANDLER,2010-11-23 18:40:00,DROVE_RODE_IN_OPPOSING_TRAFFIC_LANE,OTHER_97
2472698,2,ANGLE_FRONT_TO_SIDE,-112.186240304769,33.5615297953557,1,T_INTERSECTION,ANGLE_FRONT_TO_SIDE,GLENDALE,2010-11-15 18:04:00,UNKNOWN_99,UNKNOWN_99
2472743,2,ANGLE_FRONT_TO_SIDE,-112.255035975946,33.5231181862761,2,T_INTERSECTION,ANGLE_FRONT_TO_SIDE,GLENDALE,2010-11-14 17:39:00,OTHER_97,INATTENTION_DISTRACTION
2472747,2,OTHER_97,-112.125974608319,33.6731470473358,3,NOT_AT_INTERSECTION_0,OTHER_97,PHOENIX,2010-10-12 08:05:00,NO_IMPROPER_ACTION,SPEED_TOO_FAST_FOR_CONDITIONS
2472748,2,OTHER_97,-112.143602581955,33.6982794096179,2,LEGACY_INTERSECTION_RELATED_PRIOR_2009_98,OTHER_97,PHOENIX,2010-10-11 14:20:00,DISREGARDED_TRAFFIC_SIGNAL,NO_IMPROPER_ACTION+NOT_APPLICABLE_MINUS_1+NOT_APPLICABLE_MINUS_1
2472759,2,OTHER_97,-112.108232924712,33.5603374726506,2,LEGACY_INTERSECTION_RELATED_PRIOR_2009_98,OTHER_97,PHOENIX,2010-09-14 07:50:00,DISREGARDED_TRAFFIC_SIGNAL,NOT_APPLICABLE_MINUS_1+NO_IMPROPER_ACTION
2472764,2,OTHER_97,-112.11845436697,33.6398431477427,3,NOT_AT_INTERSECTION_0,OTHER_97,PHOENIX,2010-10-04 16:35:00,OTHER_97,NO_IMPROPER_ACTION
2472775,2,OTHER_97,-112.123102276664,33.4949323476765,4,LEGACY_INTERSECTION_RELATED_PRIOR_2009_98,OTHER_97,PHOENIX,2010-10-01 13:40:00,INATTENTION_DISTRACTION,FAILED_TO_YIELD_RIGHT_OF_WAY_103
2472804,2,OTHER_97,-112.102445453741,33.5891611191165,3,NOT_AT_INTERSECTION_0,OTHER_97,PHOENIX,2010-10-05 07:47:00,OTHER_97,NOT_APPLICABLE_MINUS_1+NO_IMPROPER_ACTION+NOT_APPLICABLE_MINUS_1
2472818,2,OTHER_97,-112.012993023711,33.4952490785537,3,LEGACY_INTERSECTION_RELATED_PRIOR_2009_98,OTHER_97,PHOENIX,2010-10-14 09:07:00,FAILED_TO_YIELD_RIGHT_OF_WAY_103,NO_IMPROPER_ACTION
2472916,2,SIDESWIPE_OPPOSITE_DIRECTION,-111.960832586332,33.3880291875487,1,NOT_REPORTED_255,SIDESWIPE_OPPOSITE_DIRECTION,TEMPE,2010-12-15 12:39:00,DROVE_RODE_IN_OPPOSING_TRAFFIC_LANE,NO_IMPROPER_ACTION
2472927,2,HEAD_ON,-111.871223191899,33.328240364497,2,UNKNOWN_99,HEAD_ON,CHANDLER,2010-11-12 14:49:00,WALKED_ON_WRONG_SIDE_OF_ROAD,NO_IMPROPER_ACTION
2472942,2,LEFT_TURN,-112.220469952498,33.5089958171152,2,FOUR_WAY_INTERSECTION,LEFT_TURN,GLENDALE,2010-11-01 07:34:00,NO_IMPROPER_ACTION,FAILED_TO_YIELD_RIGHT_OF_WAY_103
2473060,2,ANGLE_FRONT_TO_SIDE,-112.195016188512,33.5239571468791,1,FOUR_WAY_INTERSECTION,ANGLE_FRONT_TO_SIDE,GLENDALE,2010-11-08 08:30:00,DID_NOT_USE_CROSSWALK,NO_IMPROPER_ACTION
2473146,2,LEFT_TURN,-112.202927399212,33.6382745416859,1,FOUR_WAY_INTERSECTION,LEFT_TURN,GLENDALE,2010-11-16 22:06:00,NO_IMPROPER_ACTION,FAILED_TO_YIELD_RIGHT_OF_WAY_103+NOT_APPLICABLE_MINUS_1
2473187,2,UNKNOWN_99,-112.186163192031,33.5422225198949,2,FOUR_WAY_INTERSECTION,UNKNOWN_99,GLENDALE,2010-11-05 21:57:00,INATTENTION_DISTRACTION,INATTENTION_DISTRACTION
2473262,2,ANGLE_FRONT_TO_SIDE,-112.168922747602,33.5603993077558,2,FOUR_WAY_INTERSECTION,ANGLE_FRONT_TO_SIDE,GLENDALE,2010-11-05 14:04:00,NO_IMPROPER_ACTION,DISREGARDED_TRAFFIC_SIGNAL
2473274,2,ANGLE_FRONT_TO_SIDE,-112.106382689761,33.4659993847584,4,FOUR_WAY_INTERSECTION,ANGLE_FRONT_TO_SIDE,PHOENIX,2010-11-01 17:15:00,DROVE_RODE_IN_OPPOSING_TRAFFIC_LANE,NO_IMPROPER_ACTION
2473284,2,HEAD_ON,-112.186288123069,33.5240781421477,1,UNKNOWN_99,HEAD_ON,GLENDALE,2010-11-06 19:00:00,INATTENTION_DISTRACTION,INATTENTION_DISTRACTION
2473314,2,HEAD_ON,-111.613400914223,35.2058851290119,3,FOUR_WAY_INTERSECTION,HEAD_ON,FLAGSTAFF,2010-11-11 11:26:00,DISREGARDED_TRAFFIC_SIGNAL,NO_IMPROPER_ACTION
2473434,2,HEAD_ON,-112.125467286415,33.5292806340969,3,FOUR_WAY_INTERSECTION,HEAD_ON,PHOENIX,2010-11-05 15:21:00,SPEED_TOO_FAST_FOR_CONDITIONS,NO_IMPROPER_ACTION
2473513,2,OTHER_97,-111.960481788557,33.6260077836655,4,UNKNOWN_99,OTHER_97,PHOENIX,2010-11-09 07:10:00,DISREGARDED_TRAFFIC_SIGNAL,NO_IMPROPER_ACTION
2473570,2,ANGLE_FRONT_TO_SIDE,-112.056337744435,33.4657032722736,2,FOUR_WAY_INTERSECTION,ANGLE_FRONT_TO_SIDE,PHOENIX,2010-11-04 15:25:00,INATTENTION_DISTRACTION,NO_IMPROPER_ACTION
2473620,2,ANGLE_FRONT_TO_SIDE,-111.651370294262,35.1982286491304,1,T_INTERSECTION,ANGLE_FRONT_TO_SIDE,FLAGSTAFF,2010-10-27 06:52:00,INATTENTION_DISTRACTION,NO_IMPROPER_ACTION
2473704,2,ANGLE_FRONT_TO_SIDE,-112.056365171634,33.4730138689945,2,TRAFFIC_CIRCLE,ANGLE_FRONT_TO_SIDE,PHOENIX,2010-11-10 18:52:00,FAILED_TO_YIELD_RIGHT_OF_WAY_103,NO_IMPROPER_ACTION
2473816,2,ANGLE_FRONT_TO_SIDE,-112.025872122558,33.480346912345,2,T_INTERSECTION,ANGLE_FRONT_TO_SIDE,PHOENIX,2010-11-09 17:00:00,NO_IMPROPER_ACTION,INATTENTION_DISTRACTION
2473860,2,OTHER_97,-112.013133471259,33.5896840287958,3,FOUR_WAY_INTERSECTION,OTHER_97,PHOENIX,2010-11-08 07:44:00,UNKNOWN_99,INATTENTION_DISTRACTION
2474015,2,OTHER_97,-112.145420061402,33.8707939960732,2,INTERSECTION_AS_PART_OF_INTERCHANGE,OTHER_97,UNSPECIFIED_999,2010-10-01 18:21:00,NO_IMPROPER_ACTION,FAILED_TO_YIELD_RIGHT_OF_WAY_103
2474046,2,OTHER_97,-111.786420853895,34.8630389057763,3,NOT_REPORTED_255,OTHER_97,SEDONA,2010-11-20 14:55:00,INATTENTION_DISTRACTION,NO_IMPROPER_ACTION
2474127,2,ANGLE_FRONT_TO_SIDE,-112.099612934974,33.5674351006465,3,FOUR_WAY_INTERSECTION,ANGLE_FRONT_TO_SIDE,PHOENIX,2010-11-18 19:38:00,DISREGARDED_TRAFFIC_SIGNAL,NO_IMPROPER_ACTION
2474195,2,ANGLE_FRONT_TO_SIDE,-112.047637269883,33.5092247515871,2,FOUR_WAY_INTERSECTION,ANGLE_FRONT_TO_SIDE,PHOENIX,2010-11-11 16:09:00,INATTENTION_DISTRACTION,INATTENTION_DISTRACTION
2474226,2,OTHER_97,-111.987425665327,33.4481058562954,4,FOUR_WAY_INTERSECTION,OTHER_97,PHOENIX,2010-11-17 16:09:00,DISREGARDED_TRAFFIC_SIGNAL,NO_IMPROPER_ACTION
2474265,2,OTHER_97,-112.100061987687,33.5531046435782,3,UNKNOWN_99,OTHER_97,PHOENIX,2010-11-12 11:41:00,OTHER_97,NO_IMPROPER_ACTION
2474288,2,ANGLE_FRONT_TO_SIDE,-112.082445694695,33.4586780472593,3,UNKNOWN_99,ANGLE_FRONT_TO_SIDE,PHOENIX,2010-11-18 10:25:00,DROVE_RODE_IN_OPPOSING_TRAFFIC_LANE,DISREGARDED_TRAFFIC_SIGNAL+NOT_APPLICABLE_MINUS_1
2474328,2,OTHER_97,-112.038829216394,33.5346848260919,2,FOUR_WAY_INTERSECTION,OTHER_97,PHOENIX,2010-11-26 13:25:00,INATTENTION_DISTRACTION,NO_IMPROPER_ACTION
2474530,3,LEFT_TURN,0,0,3,T_INTERSECTION,LEFT_TURN,PHOENIX,2010-11-09 21:56:00,NO_IMPROPER_ACTION,INATTENTION_DISTRACTION
2474554,2,ANGLE_FRONT_TO_SIDE,-112.12261790074,33.6109529462892,2,UNKNOWN_99,ANGLE_FRONT_TO_SIDE,PHOENIX,2010-11-15 18:58:00,OTHER_97,NO_IMPROPER_ACTION
2474555,2,ANGLE_FRONT_TO_SIDE,-112.129473152913,33.6546569337956,1,UNKNOWN_99,ANGLE_FRONT_TO_SIDE,PHOENIX,2010-11-12 14:15:00,UNKNOWN_99,NO_IMPROPER_ACTION
2474646,2,ANGLE_FRONT_TO_SIDE,-112.005227798118,33.2933009303037,2,T_INTERSECTION,ANGLE_FRONT_TO_SIDE,PHOENIX,2010-11-18 07:38:00,INATTENTION_DISTRACTION,NOT_APPLICABLE_MINUS_1+NOT_APPLICABLE_MINUS_1+NO_IMPROPER_ACTION
2474658,2,HEAD_ON,-112.118715993409,33.4949446107014,2,T_INTERSECTION,HEAD_ON,PHOENIX,2010-11-10 17:41:00,DROVE_RODE_IN_OPPOSING_TRAFFIC_LANE,NO_IMPROPER_ACTION
2474723,2,ANGLE_FRONT_TO_SIDE,-112.03035058904,33.3816364709206,2,FOUR_WAY_INTERSECTION,ANGLE_FRONT_TO_SIDE,PHOENIX,2010-11-16 17:07:00,OTHER_97,NO_IMPROPER_ACTION
2474778,2,ANGLE_FRONT_TO_SIDE,-111.970700325955,33.5130885380717,1,UNKNOWN_99,ANGLE_FRONT_TO_SIDE,PHOENIX,2010-11-19 07:02:00,INATTENTION_DISTRACTION,NO_IMPROPER_ACTION
2475024,2,ANGLE_FRONT_TO_SIDE,-112.011115015566,33.6263273201712,3,UNKNOWN_99,ANGLE_FRONT_TO_SIDE,PHOENIX,2010-11-09 10:54:00,OTHER_97,NO_IMPROPER_ACTION
2475162,2,ANGLE_FRONT_TO_SIDE,-111.960957698979,33.4801264951394,3,FOUR_WAY_INTERSECTION,ANGLE_FRONT_TO_SIDE,PHOENIX,2010-11-17 12:20:00,OTHER_97,NO_IMPROPER_ACTION
2475354,2,ANGLE_FRONT_TO_SIDE,-112.137583815162,33.8573338911661,4,FOUR_WAY_INTERSECTION,ANGLE_FRONT_TO_SIDE,UNSPECIFIED_999,2010-11-20 10:21:00,DROVE_RODE_IN_OPPOSING_TRAFFIC_LANE,NO_IMPROPER_ACTION+NOT_APPLICABLE_MINUS_1
2475577,2,LEFT_TURN,-111.859072046376,33.3350844356245,1,FOUR_WAY_INTERSECTION,LEFT_TURN,CHANDLER,2010-11-19 18:40:00,DROVE_RODE_IN_OPPOSING_TRAFFIC_LANE,NO_IMPROPER_ACTION
2475694,2,ANGLE_FRONT_TO_SIDE,-111.676190724886,33.393332051616,1,FOUR_WAY_INTERSECTION,ANGLE_FRONT_TO_SIDE,MESA,2010-11-19 19:04:00,NO_IMPROPER_ACTION,FAILED_TO_YIELD_RIGHT_OF_WAY_103
2475738,2,ANGLE_FRONT_TO_SIDE,-111.826762001895,33.4514742047984,3,T_INTERSECTION,ANGLE_FRONT_TO_SIDE,MESA,2010-11-19 12:39:00,INATTENTION_DISTRACTION,INATTENTION_DISTRACTION
2475910,2,ANGLE_FRONT_TO_SIDE,-111.777514330495,33.4226668175356,3,FOUR_WAY_INTERSECTION,ANGLE_FRONT_TO_SIDE,MESA,2010-11-11 21:44:00,DROVE_RODE_IN_OPPOSING_TRAFFIC_LANE,NO_IMPROPER_ACTION
2475937,2,LEFT_TURN,-111.609944168753,33.3643992267188,2,T_INTERSECTION,LEFT_TURN,MESA,2010-11-23 08:07:00,NO_IMPROPER_ACTION,OTHER_97
2475946,2,ANGLE_FRONT_TO_SIDE,-111.878221003628,33.4148345065692,2,T_INTERSECTION,ANGLE_FRONT_TO_SIDE,MESA,2010-11-17 21:37:00,DROVE_RODE_IN_OPPOSING_TRAFFIC_LANE,NO_IMPROPER_ACTION
2476213,2,SIDESWIPE_SAME_DIRECTION,-111.925882334887,33.7720663120276,3,NOT_AT_INTERSECTION_0,SIDESWIPE_SAME_DIRECTION,SCOTTSDALE,2010-11-14 12:06:00,FAILED_TO_YIELD_RIGHT_OF_WAY_103,NO_IMPROPER_ACTION+NOT_APPLICABLE_MINUS_1
2476379,2,ANGLE_FRONT_TO_SIDE,-111.806960709471,33.3438195948429,2,T_INTERSECTION,ANGLE_FRONT_TO_SIDE,GILBERT,2010-11-21 11:17:00,NO_IMPROPER_ACTION,NO_IMPROPER_ACTION
2476608,2,ANGLE_FRONT_TO_SIDE,-112.293765825321,33.4888477485785,1,NOT_AT_INTERSECTION_0,ANGLE_FRONT_TO_SIDE,AVONDALE,2010-11-29 08:00:00,NO_IMPROPER_ACTION,FAILED_TO_YIELD_RIGHT_OF_WAY_103
2476695,2,ANGLE_FRONT_TO_SIDE,-111.839911346806,33.4129423095844,4,FOUR_WAY_INTERSECTION,ANGLE_FRONT_TO_SIDE,MESA,2010-11-13 14:57:00,DISREGARDED_TRAFFIC_SIGNAL,NO_IMPROPER_ACTION
2476701,2,SIDESWIPE_SAME_DIRECTION,-111.92595955635,33.4998752174754,1,NOT_AT_INTERSECTION_0,SIDESWIPE_SAME_DIRECTION,SCOTTSDALE,2010-11-20 23:22:00,OTHER_UNSAFE_PASSING,NOT_APPLICABLE_MINUS_1+NO_IMPROPER_ACTION
2476784,2,ANGLE_FRONT_TO_SIDE,-111.734008178983,33.3068491843799,1,FOUR_WAY_INTERSECTION,ANGLE_FRONT_TO_SIDE,GILBERT,2010-12-07 07:55:00,OTHER_97,NO_IMPROPER_ACTION
2476806,2,ANGLE_FRONT_TO_SIDE,-111.751770364974,33.364723567593,3,FOUR_WAY_INTERSECTION,ANGLE_FRONT_TO_SIDE,GILBERT,2010-12-04 13:08:00,FAILED_TO_YIELD_RIGHT_OF_WAY_103,NO_IMPROPER_ACTION
2476918,2,OTHER_97,-111.762613632647,33.3791159174427,4,NOT_AT_INTERSECTION_0,OTHER_97,MESA,2010-12-09 15:03:00,NO_IMPROPER_ACTION,FAILED_TO_YIELD_RIGHT_OF_WAY_103
2477032,2,UNKNOWN_99,-111.70899130739,33.3657779866819,3,T_INTERSECTION,UNKNOWN_99,GILBERT,2010-12-14 15:06:00,INATTENTION_DISTRACTION,UNKNOWN_99
2477043,2,LEFT_TURN,-111.647138237263,33.3647164094285,3,T_INTERSECTION,LEFT_TURN,MESA,2010-12-07 16:43:00,NO_IMPROPER_ACTION,FAILED_TO_YIELD_RIGHT_OF_WAY_103
2477077,2,OTHER_97,-112.047631900873,33.5187182548757,2,LEGACY_INTERSECTION_RELATED_PRIOR_2009_98,OTHER_97,PHOENIX,2010-10-15 15:19:00,FAILED_TO_YIELD_RIGHT_OF_WAY_103,NO_IMPROPER_ACTION
2477654,2,ANGLE_FRONT_TO_SIDE,-111.755654069242,33.3343203992124,1,NOT_AT_INTERSECTION_0,ANGLE_FRONT_TO_SIDE,GILBERT,2010-12-15 07:50:00,DROVE_RODE_IN_OPPOSING_TRAFFIC_LANE,NO_IMPROPER_ACTION
2477704,2,SIDESWIPE_SAME_DIRECTION,-112.11288999419,33.5092436590053,2,FOUR_WAY_INTERSECTION,SIDESWIPE_SAME_DIRECTION,PHOENIX,2010-12-28 09:19:00,OTHER_UNSAFE_PASSING,NO_IMPROPER_ACTION
2477742,2,LEFT_TURN,-111.736194700716,33.4445457309227,1,T_INTERSECTION,LEFT_TURN,MESA,2010-12-15 18:39:00,FAILED_TO_YIELD_RIGHT_OF_WAY_103,NO_IMPROPER_ACTION+NOT_APPLICABLE_MINUS_1
2477756,2,ANGLE_FRONT_TO_SIDE,-111.784081723163,33.4081267309195,1,T_INTERSECTION,ANGLE_FRONT_TO_SIDE,MESA,2010-12-13 19:43:00,DROVE_RODE_IN_OPPOSING_TRAFFIC_LANE,NO_IMPROPER_ACTION
2477770,2,ANGLE_FRONT_TO_SIDE,-112.306418594959,33.435379726942,3,FOUR_WAY_INTERSECTION,ANGLE_FRONT_TO_SIDE,UNSPECIFIED_999,2010-12-11 08:33:00,UNKNOWN_99,INATTENTION_DISTRACTION
2477774,4,OTHER_97,-111.925225160218,33.4968464706842,3,T_INTERSECTION,OTHER_97,SCOTTSDALE,2010-12-11 00:56:00,MADE_IMPROPER_TURN+MADE_IMPROPER_TURN+MADE_IMPROPER_TURN,MADE_IMPROPER_TURN
2477811,2,ANGLE_FRONT_TO_SIDE,-111.930454714947,33.4803145527799,4,FOUR_WAY_INTERSECTION,ANGLE_FRONT_TO_SIDE,SCOTTSDALE,2010-12-03 12:17:00,DROVE_RODE_IN_OPPOSING_TRAFFIC_LANE,NO_IMPROPER_ACTION
2477816,2,REAR_END,-111.891833202971,33.7412439375297,3,FOUR_WAY_INTERSECTION,REAR_END,SCOTTSDALE,2010-12-04 16:20:00,NO_IMPROPER_ACTION,EXCEEDED_LAWFUL_SPEED
2477847,2,LEFT_TURN,-111.778490761144,33.451800840891,3,T_INTERSECTION,LEFT_TURN,MESA,2010-12-13 21:28:00,DROVE_RODE_IN_OPPOSING_TRAFFIC_LANE,NO_IMPROPER_ACTION
2477983,2,ANGLE_FRONT_TO_SIDE,-111.934763133626,33.483136249848,4,NOT_AT_INTERSECTION_0,ANGLE_FRONT_TO_SIDE,SCOTTSDALE,2010-12-09 15:21:00,NO_IMPROPER_ACTION,FAILED_TO_YIELD_RIGHT_OF_WAY_103
2478168,2,OTHER_97,-112.032526425453,33.6404336436718,2,UNKNOWN_99,OTHER_97,PHOENIX,2010-10-20 15:39:00,OTHER_97,NO_IMPROPER_ACTION+NOT_APPLICABLE_MINUS_1
2478280,2,ANGLE_FRONT_TO_SIDE,-112.073813097798,33.4482410804499,3,FOUR_WAY_INTERSECTION,ANGLE_FRONT_TO_SIDE,EL MIRAGE,2010-12-28 11:50:00,DROVE_RODE_IN_OPPOSING_TRAFFIC_LANE,NO_IMPROPER_ACTION+NOT_APPLICABLE_MINUS_1
2478320,2,ANGLE_FRONT_TO_SIDE,-111.893695749687,33.5728496598217,2,FOUR_WAY_INTERSECTION,ANGLE_FRONT_TO_SIDE,SCOTTSDALE,2010-12-24 16:32:00,NO_IMPROPER_ACTION,NOT_APPLICABLE_MINUS_1+FAILED_TO_YIELD_RIGHT_OF_WAY_103
2478351,2,ANGLE_FRONT_TO_SIDE,-111.767699023216,33.3356213596369,3,FOUR_WAY_INTERSECTION,ANGLE_FRONT_TO_SIDE,GILBERT,2010-12-29 12:46:00,DROVE_RODE_IN_OPPOSING_TRAFFIC_LANE,FAILED_TO_YIELD_RIGHT_OF_WAY_103
2478502,2,ANGLE_FRONT_TO_SIDE,-111.925527358964,33.629401492054,2,FOUR_WAY_INTERSECTION,ANGLE_FRONT_TO_SIDE,SCOTTSDALE,2010-12-11 18:03:00,DROVE_RODE_IN_OPPOSING_TRAFFIC_LANE,NO_IMPROPER_ACTION+NOT_APPLICABLE_MINUS_1
2478633,2,ANGLE_FRONT_TO_SIDE,-111.871889757095,33.6241251963201,3,FOUR_WAY_INTERSECTION,ANGLE_FRONT_TO_SIDE,SCOTTSDALE,2010-12-17 18:42:00,OTHER_97,NO_IMPROPER_ACTION
2478637,2,HEAD_ON,-111.768353631945,33.4226889777116,4,NOT_AT_INTERSECTION_0,HEAD_ON,MESA,2010-12-31 18:00:00,DROVE_RODE_IN_OPPOSING_TRAFFIC_LANE,FAILED_TO_KEEP_IN_PROPER_LANE
2478650,2,ANGLE_FRONT_TO_SIDE,-111.942851886507,33.4904348058035,1,T_INTERSECTION,ANGLE_FRONT_TO_SIDE,SCOTTSDALE,2010-12-16 14:35:00,NO_IMPROPER_ACTION,NO_IMPROPER_ACTION
2478653,2,OTHER_97,-111.834163349906,33.4035584012975,1,NOT_AT_INTERSECTION_0,OTHER_97,MESA,2010-12-16 08:23:00,NO_IMPROPER_ACTION,INATTENTION_DISTRACTION
2478750,3,ANGLE_FRONT_TO_SIDE,-111.891193331958,33.8138216000216,3,FOUR_WAY_INTERSECTION,ANGLE_FRONT_TO_SIDE,SCOTTSDALE,2010-12-22 13:59:00,NO_IMPROPER_ACTION+NO_IMPROPER_ACTION,NOT_APPLICABLE_MINUS_1+FAILED_TO_YIELD_RIGHT_OF_WAY_103+NOT_APPLICABLE_MINUS_1
2478885,2,ANGLE_FRONT_TO_SIDE,-111.934955322806,33.3904057659992,3,FOUR_WAY_INTERSECTION,ANGLE_FRONT_TO_SIDE,TEMPE,2010-12-15 08:05:00,INATTENTION_DISTRACTION,NO_IMPROPER_ACTION
2478888,2,LEFT_TURN,-111.68376002707,33.3939337288352,3,NOT_AT_INTERSECTION_0,LEFT_TURN,MESA,2010-12-24 11:02:00,DROVE_RODE_IN_OPPOSING_TRAFFIC_LANE,NO_IMPROPER_ACTION
2478899,2,LEFT_TURN,-111.956413906364,33.4219236960703,1,FOUR_WAY_INTERSECTION,LEFT_TURN,TEMPE,2010-12-21 18:20:00,INATTENTION_DISTRACTION,NO_IMPROPER_ACTION
2478918,2,ANGLE_FRONT_TO_SIDE,-111.911325899409,33.33463127056,4,UNKNOWN_99,ANGLE_FRONT_TO_SIDE,TEMPE,2010-12-26 15:34:00,INATTENTION_DISTRACTION,NO_IMPROPER_ACTION
2478928,2,ANGLE_FRONT_TO_SIDE,-111.908355569741,33.4147574686145,2,UNKNOWN_99,ANGLE_FRONT_TO_SIDE,TEMPE,2010-12-09 18:58:00,DROVE_RODE_IN_OPPOSING_TRAFFIC_LANE,INATTENTION_DISTRACTION
2478946,2,LEFT_TURN,-111.912903683191,33.5070953592592,3,T_INTERSECTION,LEFT_TURN,SCOTTSDALE,2010-12-23 15:22:00,NO_IMPROPER_ACTION,FAILED_TO_YIELD_RIGHT_OF_WAY_103
2478953,2,ANGLE_FRONT_TO_SIDE,-111.886200473131,33.6295636123101,2,T_INTERSECTION,ANGLE_FRONT_TO_SIDE,SCOTTSDALE,2010-12-20 18:00:00,DROVE_RODE_IN_OPPOSING_TRAFFIC_LANE,UNKNOWN_99