IncidentID,num_vehicles_involved,eCollisionManner,Longitude,Latitude,InjurySeverity,eIntersectionType,eCollisionManner,city_name,IncidentDateTime,cyclist_citations,driver_citations
2479160,2,ANGLE_FRONT_TO_SIDE,-111.969785055111,33.4560772841358,3,UNKNOWN_99,ANGLE_FRONT_TO_SIDE,PHOENIX,2010-11-02 08:20:00,DROVE_RODE_IN_OPPOSING_TRAFFIC_LANE,INATTENTION_DISTRACTION
2479184,2,UNKNOWN_99,-111.926280311246,33.4132638516701,3,NOT_AT_INTERSECTION_0,UNKNOWN_99,TEMPE,2010-12-11 15:18:00,DROVE_RODE_IN_OPPOSING_TRAFFIC_LANE,NOT_APPLICABLE_MINUS_1+NO_IMPROPER_ACTION
2479451,2,ANGLE_FRONT_TO_SIDE,-111.894615046118,33.4074917600131,3,NOT_REPORTED_255,ANGLE_FRONT_TO_SIDE,TEMPE,2010-12-16 11:43:00,DROVE_RODE_IN_OPPOSING_TRAFFIC_LANE,NOT_APPLICABLE_MINUS_1+NO_IMPROPER_ACTION
2479463,3,ANGLE_FRONT_TO_SIDE,-111.789668176576,33.2823973505352,3,FOUR_WAY_INTERSECTION,ANGLE_FRONT_TO_SIDE,UNSPECIFIED_999,2010-11-01 11:46:00,NO_IMPROPER_ACTION+NO_IMPROPER_ACTION,UNKNOWN_99
2479516,2,LEFT_TURN,0,0,3,T_INTERSECTION,LEFT_TURN,TUCSON,2010-12-06 08:57:00,NO_IMPROPER_ACTION,INATTENTION_DISTRACTION
2479521,2,ANGLE_FRONT_TO_SIDE,-112.073813097798,33.4482410804499,3,UNKNOWN_99,ANGLE_FRONT_TO_SIDE,TUCSON,2010-12-05 15:51:00,OTHER_97,NO_IMPROPER_ACTION+NOT_APPLICABLE_MINUS_1
2479583,2,OTHER_97,0,0,4,FOUR_WAY_INTERSECTION,OTHER_97,PEORIA,2010-12-04 12:17:00,DROVE_RODE_IN_OPPOSING_TRAFFIC_LANE,INATTENTION_DISTRACTION
2479663,2,ANGLE_FRONT_TO_SIDE,-110.277620398957,31.5520224588491,2,FOUR_WAY_INTERSECTION,ANGLE_FRONT_TO_SIDE,SIERRA VISTA,2010-12-01 13:11:00,OTHER_97,INATTENTION_DISTRACTION+NOT_APPLICABLE_MINUS_1
2479835,2,LEFT_TURN,-111.930657363155,33.4147214933161,1,FOUR_WAY_INTERSECTION,LEFT_TURN,TEMPE,2010-12-06 10:08:00,NO_IMPROPER_ACTION,INATTENTION_DISTRACTION
2479864,3,ANGLE_FRONT_TO_SIDE,-110.975035856885,32.4535018074508,3,FOUR_WAY_INTERSECTION,ANGLE_FRONT_TO_SIDE,ORO VALLEY,2010-12-07 06:16:00,NO_IMPROPER_ACTION+NO_IMPROPER_ACTION,INATTENTION_DISTRACTION+NOT_APPLICABLE_MINUS_1
2479896,2,ANGLE_FRONT_TO_SIDE,-111.963161552086,33.3782394115219,2,FOUR_WAY_INTERSECTION,ANGLE_FRONT_TO_SIDE,TEMPE,2010-12-01 17:45:00,OTHER_97,NO_IMPROPER_ACTION
2479917,2,ANGLE_FRONT_TO_SIDE,-111.926462305673,33.4147591283781,4,FOUR_WAY_INTERSECTION,ANGLE_FRONT_TO_SIDE,TEMPE,2010-12-08 16:11:00,DISREGARDED_TRAFFIC_SIGNAL,NO_IMPROPER_ACTION
2479965,2,REAR_END,-111.922995214286,33.4101435965314,2,UNKNOWN_99,REAR_END,TEMPE,2010-12-04 23:00:00,NO_IMPROPER_ACTION,FAILED_TO_KEEP_IN_PROPER_LANE
2480007,2,ANGLE_FRONT_TO_SIDE,-112.318194762448,33.6088689250123,1,T_INTERSECTION,ANGLE_FRONT_TO_SIDE,EL MIRAGE,2010-12-27 17:15:00,FAILED_TO_YIELD_RIGHT_OF_WAY_103,NO_IMPROPER_ACTION
2480009,2,OTHER_97,-112.199312317939,33.4948682342059,5,NOT_AT_INTERSECTION_0,OTHER_97,PHOENIX,2010-10-26 18:06:00,FAILED_TO_YIELD_RIGHT_OF_WAY_103,EXCEEDED_LAWFUL_SPEED
2480058,2,HEAD_ON,-112.28410783004,33.5656835426712,3,T_INTERSECTION,HEAD_ON,UNSPECIFIED_999,2010-12-07 10:45:00,DROVE_RODE_IN_OPPOSING_TRAFFIC_LANE,NO_IMPROPER_ACTION+NOT_APPLICABLE_MINUS_1
2480071,2,ANGLE_FRONT_TO_SIDE,-111.648998533328,35.2006807737441,4,FOUR_WAY_INTERSECTION,ANGLE_FRONT_TO_SIDE,FLAGSTAFF,2010-12-13 14:46:00,NO_IMPROPER_ACTION,RAN_STOP_SIGN
2480167,2,ANGLE_FRONT_TO_SIDE,-111.909052400363,33.4268425679018,1,UNKNOWN_99,ANGLE_FRONT_TO_SIDE,TEMPE,2010-12-09 11:28:00,DROVE_RODE_IN_OPPOSING_TRAFFIC_LANE,NO_IMPROPER_ACTION
2480299,2,OTHER_97,-111.999261536901,33.6405914315897,3,UNKNOWN_99,OTHER_97,PHOENIX,2010-10-22 07:21:00,OTHER_97,NO_IMPROPER_ACTION
2480309,2,OTHER_97,-112.091214550567,33.5713040173734,2,LEGACY_INTERSECTION_RELATED_PRIOR_2009_98,OTHER_97,PHOENIX,2010-11-05 16:29:00,OTHER_97,NO_IMPROPER_ACTION
2480310,2,OTHER_97,-112.082563546134,33.4567136615912,3,LEGACY_INTERSECTION_RELATED_PRIOR_2009_98,OTHER_97,PHOENIX,2010-11-03 15:46:00,FAILED_TO_YIELD_RIGHT_OF_WAY_103,INATTENTION_DISTRACTION
2480311,2,OTHER_97,-112.075029150285,33.4803658594706,2,LEGACY_INTERSECTION_RELATED_PRIOR_2009_98,OTHER_97,PHOENIX,2010-11-12 14:00:00,OTHER_97,NO_IMPROPER_ACTION
2480317,2,OTHER_97,-112.143190258658,33.6543989562624,3,LEGACY_INTERSECTION_RELATED_PRIOR_2009_98,OTHER_97,PHOENIX,2010-11-19 07:19:00,OTHER_97,NO_IMPROPER_ACTION
2480421,2,OTHER_97,-112.267865295056,33.5514737467418,3,INTERSECTION_AS_PART_OF_INTERCHANGE,OTHER_97,PEORIA,2010-11-29 18:34:00,OTHER_97,NOT_APPLICABLE_MINUS_1+NO_IMPROPER_ACTION
2480505,2,SIDESWIPE_OPPOSITE_DIRECTION,-112.352324682999,34.5894948086124,2,FOUR_WAY_INTERSECTION,SIDESWIPE_OPPOSITE_DIRECTION,UNSPECIFIED_999,2010-12-09 17:46:00,NO_IMPROPER_ACTION,NO_IMPROPER_ACTION
2480547,2,ANGLE_FRONT_TO_SIDE,-112.073813097798,33.4482410804499,3,T_INTERSECTION,ANGLE_FRONT_TO_SIDE,YUMA,2010-12-15 15:57:00,RAN_STOP_SIGN,NOT_APPLICABLE_MINUS_1+NO_IMPROPER_ACTION
2480628,2,SIDESWIPE_OPPOSITE_DIRECTION,-112.348677978653,33.4498475097007,3,UNKNOWN_99,SIDESWIPE_OPPOSITE_DIRECTION,GOODYEAR,2010-12-09 16:38:00,NO_IMPROPER_ACTION,INATTENTION_DISTRACTION
2480629,2,OTHER_97,-112.340958588129,33.4642624341687,2,FOUR_WAY_INTERSECTION,OTHER_97,UNSPECIFIED_999,2010-12-17 21:04:00,WALKED_ON_WRONG_SIDE_OF_ROAD,NOT_APPLICABLE_MINUS_1+NO_IMPROPER_ACTION
2480708,2,ANGLE_FRONT_TO_SIDE,-111.930828644568,33.4402238520984,1,FOUR_WAY_INTERSECTION,ANGLE_FRONT_TO_SIDE,TEMPE,2010-12-14 13:08:00,DISREGARDED_TRAFFIC_SIGNAL,NO_IMPROPER_ACTION
2480808,2,OTHER_97,-110.978288573443,32.2973146094073,2,FOUR_WAY_INTERSECTION,OTHER_97,TUCSON,2010-12-02 08:54:00,NO_IMPROPER_ACTION,OTHER_97
2480821,2,ANGLE_FRONT_TO_SIDE,-111.100009305411,32.3485122346952,1,UNKNOWN_99,ANGLE_FRONT_TO_SIDE,MARANA,2010-12-21 14:26:00,DROVE_RODE_IN_OPPOSING_TRAFFIC_LANE,NO_IMPROPER_ACTION
2480836,2,OTHER_97,-110.952386202352,32.27586072847,2,FOUR_WAY_INTERSECTION,OTHER_97,TUCSON,2010-12-10 17:54:00,KNOWINGLY_OPERATED_WITH_FAULTY_MISSING_EQUIPMENT,OTHER_97
2480847,2,OTHER_97,-110.909614900713,32.2197386288431,2,NOT_REPORTED_255,OTHER_97,TUCSON,2010-12-06 09:46:00,NO_IMPROPER_ACTION,FAILED_TO_YIELD_RIGHT_OF_WAY_103
2480872,2,OTHER_97,-110.906943945138,32.1901668779902,3,Y_INTERSECTION,OTHER_97,TUCSON,2010-12-10 11:44:00,UNSAFE_LANE_CHANGE,NO_IMPROPER_ACTION
2480960,2,OTHER_97,-110.926677343367,32.2046008697298,3,NOT_AT_INTERSECTION_0,OTHER_97,TUCSON,2010-12-07 19:57:00,KNOWINGLY_OPERATED_WITH_FAULTY_MISSING_EQUIPMENT,NO_IMPROPER_ACTION
2480973,2,OTHER_97,-110.812250896009,32.1773236061507,2,T_INTERSECTION,OTHER_97,TUCSON,2010-12-07 21:15:00,KNOWINGLY_OPERATED_WITH_FAULTY_MISSING_EQUIPMENT,NO_IMPROPER_ACTION
2480985,2,OTHER_97,-110.946646298342,32.2214163609613,2,FOUR_WAY_INTERSECTION,OTHER_97,TUCSON,2010-12-11 18:49:00,DROVE_RODE_IN_OPPOSING_TRAFFIC_LANE,NO_IMPROPER_ACTION+NOT_APPLICABLE_MINUS_1
2480994,2,SIDESWIPE_SAME_DIRECTION,-110.914042530857,32.2505651988729,2,FOUR_WAY_INTERSECTION,SIDESWIPE_SAME_DIRECTION,TUCSON,2010-12-11 12:28:00,NO_IMPROPER_ACTION,UNKNOWN_99
2481014,2,OTHER_97,-112.248983158967,33.6580345346589,4,UNKNOWN_99,OTHER_97,PEORIA,2010-12-21 09:07:00,FAILED_TO_YIELD_RIGHT_OF_WAY_103,NOT_APPLICABLE_MINUS_1+NO_IMPROPER_ACTION
2481029,2,OTHER_97,-112.211664527951,33.567037173579,4,T_INTERSECTION,OTHER_97,GLENDALE,2010-12-18 14:07:00,UNKNOWN_99,UNKNOWN_99
2481117,2,UNKNOWN_99,-110.946292531266,31.3647529736856,4,UNKNOWN_99,UNKNOWN_99,NOGALES,2010-12-17 16:41:00,UNKNOWN_99,NOT_APPLICABLE_MINUS_1+UNKNOWN_99+NOT_APPLICABLE_MINUS_1+NOT_APPLICABLE_MINUS_1
2481200,2,ANGLE_FRONT_TO_SIDE,-111.936035907522,33.3928927435845,3,UNKNOWN_99,ANGLE_FRONT_TO_SIDE,TEMPE,2010-12-23 13:58:00,DROVE_RODE_IN_OPPOSING_TRAFFIC_LANE,NO_IMPROPER_ACTION
2481224,2,OTHER_97,-112.077560707349,33.4657772595426,2,UNKNOWN_99,OTHER_97,PHOENIX,2010-11-24 09:04:00,NO_IMPROPER_ACTION,FAILED_TO_YIELD_RIGHT_OF_WAY_103
2481225,2,OTHER_97,-112.082419607868,33.4503387091065,2,LEGACY_INTERSECTION_RELATED_PRIOR_2009_98,OTHER_97,PHOENIX,2010-11-15 11:05:00,INATTENTION_DISTRACTION,NO_IMPROPER_ACTION
2481352,2,OTHER_97,-110.903484932125,32.2578721343125,3,NOT_AT_INTERSECTION_0,OTHER_97,TUCSON,2010-12-10 17:40:00,NO_IMPROPER_ACTION,INATTENTION_DISTRACTION
2481361,2,OTHER_97,-110.990268428406,32.2356166378294,3,T_INTERSECTION,OTHER_97,TUCSON,2010-12-16 17:05:00,DISREGARDED_TRAFFIC_SIGNAL,NO_IMPROPER_ACTION
2481391,2,OTHER_97,-110.823808586169,32.2281295946156,3,FOUR_WAY_INTERSECTION,OTHER_97,TUCSON,2010-12-14 11:25:00,NO_IMPROPER_ACTION,FAILED_TO_YIELD_RIGHT_OF_WAY_103
2481412,2,LEFT_TURN,-110.909717697682,32.2508879584859,3,NOT_AT_INTERSECTION_0,LEFT_TURN,TUCSON,2010-12-19 17:40:00,NO_IMPROPER_ACTION,NOT_APPLICABLE_MINUS_1+ELECTRONIC_COMMUNICATIONS_DEVICE
2481488,2,OTHER_97,-110.986891571966,32.1778261936281,4,T_INTERSECTION,OTHER_97,TUCSON,2010-12-24 16:03:00,NO_IMPROPER_ACTION,FAILED_TO_YIELD_RIGHT_OF_WAY_103
2481593,2,OTHER_97,-110.935443068769,32.22792179063,2,NOT_REPORTED_255,OTHER_97,TUCSON,2010-12-20 11:17:00,NO_IMPROPER_ACTION,FAILED_TO_YIELD_RIGHT_OF_WAY_103
2481605,2,OTHER_97,-110.939562610013,32.2349213882404,3,FOUR_WAY_INTERSECTION,OTHER_97,TUCSON,2010-12-28 16:21:00,NO_IMPROPER_ACTION,INATTENTION_DISTRACTION
2481764,2,OTHER_97,-110.839694072932,32.3088838990827,2,UNKNOWN_99,OTHER_97,UNSPECIFIED_999,2010-12-16 12:09:00,INATTENTION_DISTRACTION,NO_IMPROPER_ACTION
2481934,2,LEFT_TURN,-111.632710864122,33.4078451581168,1,FOUR_WAY_INTERSECTION,LEFT_TURN,UNSPECIFIED_999,2010-12-12 19:24:00,DROVE_RODE_IN_OPPOSING_TRAFFIC_LANE,NOT_APPLICABLE_MINUS_1+NO_IMPROPER_ACTION+NOT_APPLICABLE_MINUS_1+NOT_APPLICABLE_MINUS_1
2481993,2,REAR_END,-111.869278190845,33.344304576114,3,UNKNOWN_99,REAR_END,CHANDLER,2010-12-10 18:03:00,NO_IMPROPER_ACTION,FAILED_TO_KEEP_IN_PROPER_LANE+NOT_APPLICABLE_MINUS_1+NOT_APPLICABLE_MINUS_1
2482154,2,ANGLE_FRONT_TO_SIDE,-111.940998436149,33.3053724679495,2,T_INTERSECTION,ANGLE_FRONT_TO_SIDE,CHANDLER,2010-12-19 14:24:00,WALKED_ON_WRONG_SIDE_OF_ROAD,NO_IMPROPER_ACTION
2482196,3,OTHER_97,-112.080296533348,33.4471006351962,3,LEGACY_INTERSECTION_RELATED_PRIOR_2009_98,OTHER_97,PHOENIX,2010-11-18 16:28:00,NO_IMPROPER_ACTION,FAILED_TO_YIELD_RIGHT_OF_WAY_103
2482204,2,OTHER_97,-112.069564432899,33.5713491444211,3,LEGACY_INTERSECTION_RELATED_PRIOR_2009_98,OTHER_97,PHOENIX,2010-11-19 07:30:00,NO_IMPROPER_ACTION,FAILED_TO_YIELD_RIGHT_OF_WAY_103
2482206,4,OTHER_97,-111.977383240921,33.6479013969154,4,UNKNOWN_99,OTHER_97,PHOENIX,2010-12-02 16:44:00,NO_IMPROPER_ACTION+NO_IMPROPER_ACTION+NO_IMPROPER_ACTION,NO_IMPROPER_ACTION
2482502,2,LEFT_TURN,-110.877951368833,32.5391878160327,3,T_INTERSECTION,LEFT_TURN,UNSPECIFIED_999,2010-12-24 11:20:00,FAILED_TO_YIELD_RIGHT_OF_WAY_103,NO_IMPROPER_ACTION
2482591,2,OTHER_97,-112.08285198412,33.6404097614753,2,FOUR_WAY_INTERSECTION,OTHER_97,PHOENIX,2010-12-02 20:31:00,NO_IMPROPER_ACTION,FAILED_TO_YIELD_RIGHT_OF_WAY_103
2482631,2,ANGLE_FRONT_TO_SIDE,-111.841746521996,33.3401554031831,2,NOT_REPORTED_255,ANGLE_FRONT_TO_SIDE,CHANDLER,2010-12-08 18:52:00,DROVE_RODE_IN_OPPOSING_TRAFFIC_LANE,NO_IMPROPER_ACTION
2482695,2,OTHER_97,-112.047473382354,33.4983804986061,2,FOUR_WAY_INTERSECTION,OTHER_97,PHOENIX,2010-12-04 07:38:00,UNKNOWN_99,NO_IMPROPER_ACTION
2482766,2,ANGLE_FRONT_TO_SIDE,-111.926210145002,33.5967044153425,1,UNKNOWN_99,ANGLE_FRONT_TO_SIDE,PHOENIX,2010-12-03 11:21:00,UNKNOWN_99,UNKNOWN_99
2482817,2,OTHER_97,-112.345887275352,33.4921695773531,2,FOUR_WAY_INTERSECTION,OTHER_97,AVONDALE,2010-12-11 23:09:00,NO_IMPROPER_ACTION,DISREGARDED_TRAFFIC_SIGNAL
2482829,2,LEFT_TURN,-111.980058828016,33.3254775890367,2,FOUR_WAY_INTERSECTION,LEFT_TURN,PHOENIX,2010-12-01 14:21:00,OTHER_97,NO_IMPROPER_ACTION
2482913,2,ANGLE_FRONT_TO_SIDE,-111.980288292175,33.3254880418515,2,T_INTERSECTION,ANGLE_FRONT_TO_SIDE,PHOENIX,2010-12-07 17:06:00,OTHER_97,NO_IMPROPER_ACTION
2482914,2,ANGLE_FRONT_TO_SIDE,-112.073709884149,33.5255115451575,3,T_INTERSECTION,ANGLE_FRONT_TO_SIDE,PHOENIX,2010-12-01 11:01:00,UNKNOWN_99,NO_IMPROPER_ACTION
2482985,2,ANGLE_FRONT_TO_SIDE,-112.106292821341,33.5097150645949,2,FOUR_WAY_INTERSECTION,ANGLE_FRONT_TO_SIDE,PHOENIX,2010-12-05 13:23:00,FAILED_TO_KEEP_IN_PROPER_LANE,NO_IMPROPER_ACTION
2483126,2,OTHER_97,-112.078981504846,33.4875471788009,3,LEGACY_INTERSECTION_RELATED_PRIOR_2009_98,OTHER_97,PHOENIX,2010-10-29 15:06:00,OTHER_97,NO_IMPROPER_ACTION
2483144,2,OTHER_97,-112.04907312982,33.4946770994252,4,NOT_AT_INTERSECTION_0,OTHER_97,PHOENIX,2010-12-09 15:03:00,FAILED_TO_YIELD_RIGHT_OF_WAY_103,NOT_APPLICABLE_MINUS_1+NO_IMPROPER_ACTION
2483145,2,OTHER_97,-112.067577810769,33.465734296736,3,UNKNOWN_99,OTHER_97,PHOENIX,2010-12-13 14:19:00,OTHER_97,DISREGARDED_TRAFFIC_SIGNAL
2483148,2,OTHER_97,-112.10438634872,33.4806601736167,1,NOT_AT_INTERSECTION_0,OTHER_97,PHOENIX,2010-12-14 15:02:00,FAILED_TO_YIELD_RIGHT_OF_WAY_103,NO_IMPROPER_ACTION
2483149,2,OTHER_97,-112.099901668974,33.494853395265,3,LEGACY_INTERSECTION_RELATED_PRIOR_2009_98,OTHER_97,PHOENIX,2010-12-14 20:10:00,INATTENTION_DISTRACTION,INATTENTION_DISTRACTION
2483253,2,LEFT_TURN,-112.114213892967,33.8565545951004,3,FOUR_WAY_INTERSECTION,LEFT_TURN,UNSPECIFIED_999,2010-12-11 12:23:00,NO_IMPROPER_ACTION,NO_IMPROPER_ACTION
2483337,2,ANGLE_FRONT_TO_SIDE,-112.133517696822,33.5094463215217,3,UNKNOWN_99,ANGLE_FRONT_TO_SIDE,PHOENIX,2010-12-10 15:50:00,DROVE_RODE_IN_OPPOSING_TRAFFIC_LANE,NO_IMPROPER_ACTION
2483379,2,SIDESWIPE_SAME_DIRECTION,-112.122308180258,33.5838878802839,2,FOUR_WAY_INTERSECTION,SIDESWIPE_SAME_DIRECTION,PHOENIX,2010-12-10 13:43:00,NO_IMPROPER_ACTION,INATTENTION_DISTRACTION
2483503,2,ANGLE_FRONT_TO_SIDE,-112.182125631721,33.4805312434864,4,UNKNOWN_99,ANGLE_FRONT_TO_SIDE,PHOENIX,2010-12-14 18:54:00,DID_NOT_USE_CROSSWALK,NOT_APPLICABLE_MINUS_1+NOT_APPLICABLE_MINUS_1+NO_IMPROPER_ACTION
2483723,2,ANGLE_FRONT_TO_SIDE,-112.151452578957,33.5311930778816,2,FOUR_WAY_INTERSECTION,ANGLE_FRONT_TO_SIDE,PHOENIX,2010-12-19 17:07:00,DISREGARDED_TRAFFIC_SIGNAL,NOT_APPLICABLE_MINUS_1+NO_IMPROPER_ACTION
2483890,2,SIDESWIPE_SAME_DIRECTION,-111.960558806702,33.6078060720031,2,FOUR_WAY_INTERSECTION,SIDESWIPE_SAME_DIRECTION,PHOENIX,2010-12-19 15:13:00,FAILED_TO_KEEP_IN_PROPER_LANE,NO_IMPROPER_ACTION
2483943,2,OTHER_97,-112.099758682294,33.5068675091066,3,LEGACY_INTERSECTION_RELATED_PRIOR_2009_98,OTHER_97,PHOENIX,2010-12-16 08:32:00,FAILED_TO_YIELD_RIGHT_OF_WAY_103,NO_IMPROPER_ACTION
2483944,2,OTHER_97,-112.079062829458,33.4840217418421,2,LEGACY_INTERSECTION_RELATED_PRIOR_2009_98,OTHER_97,PHOENIX,2010-12-16 11:46:00,OTHER_97,NO_IMPROPER_ACTION
2484143,2,OTHER_97,-110.896596749993,32.2214925502033,3,NOT_AT_INTERSECTION_0,OTHER_97,TUCSON,2010-12-21 12:35:00,OTHER_97,NO_IMPROPER_ACTION
2484427,2,OTHER_97,-112.186193456138,33.542222682833,3,FOUR_WAY_INTERSECTION,OTHER_97,GLENDALE,2010-12-03 17:46:00,OTHER_97,NO_IMPROPER_ACTION
2484565,2,ANGLE_FRONT_TO_SIDE,-112.030310211031,33.4833655922327,2,T_INTERSECTION,ANGLE_FRONT_TO_SIDE,PHOENIX,2010-12-18 15:24:00,DROVE_RODE_IN_OPPOSING_TRAFFIC_LANE,NO_IMPROPER_ACTION
2484641,2,SIDESWIPE_SAME_DIRECTION,-112.013733442922,33.4804816702406,3,UNKNOWN_99,SIDESWIPE_SAME_DIRECTION,PHOENIX,2010-12-24 13:47:00,OTHER_97,NO_IMPROPER_ACTION
2484694,2,ANGLE_FRONT_TO_SIDE,-111.995589964828,33.465717887597,2,FOUR_WAY_INTERSECTION,ANGLE_FRONT_TO_SIDE,PHOENIX,2010-12-26 19:54:00,NO_IMPROPER_ACTION,INATTENTION_DISTRACTION+NOT_APPLICABLE_MINUS_1
2484804,2,ANGLE_FRONT_TO_SIDE,-112.047533612497,33.4774955620132,2,FOUR_WAY_INTERSECTION,ANGLE_FRONT_TO_SIDE,PHOENIX,2010-12-28 08:24:00,DROVE_RODE_IN_OPPOSING_TRAFFIC_LANE,NO_IMPROPER_ACTION+NOT_APPLICABLE_MINUS_1
2484815,2,ANGLE_FRONT_TO_SIDE,-112.030868051405,33.6544604065171,1,UNKNOWN_99,ANGLE_FRONT_TO_SIDE,PHOENIX,2010-12-26 14:42:00,NO_IMPROPER_ACTION,NOT_APPLICABLE_MINUS_1+FAILED_TO_YIELD_RIGHT_OF_WAY_103
2484846,2,OTHER_97,-112.116977645238,33.5531218807322,2,FOUR_WAY_INTERSECTION,OTHER_97,PHOENIX,2010-12-23 19:35:00,UNKNOWN_99,INATTENTION_DISTRACTION
2484847,2,SIDESWIPE_OPPOSITE_DIRECTION,-111.598038560508,33.385828789439,1,FOUR_WAY_INTERSECTION,SIDESWIPE_OPPOSITE_DIRECTION,UNSPECIFIED_999,2010-12-09 10:43:00,FAILED_TO_YIELD_RIGHT_OF_WAY_103,NO_IMPROPER_ACTION
2484993,2,LEFT_TURN,-112.066198887169,33.3995846629624,1,T_INTERSECTION,LEFT_TURN,PHOENIX,2010-12-01 05:58:00,OTHER_97,NO_IMPROPER_ACTION
2485058,2,LEFT_TURN,-112.203090970537,33.5347039798046,2,FOUR_WAY_INTERSECTION,LEFT_TURN,GLENDALE,2010-12-24 14:02:00,NO_IMPROPER_ACTION,FAILED_TO_YIELD_RIGHT_OF_WAY_103
2485392,2,OTHER_97,-112.086876345691,33.5057530040444,2,LEGACY_INTERSECTION_RELATED_PRIOR_2009_98,OTHER_97,PHOENIX,2010-10-28 08:37:00,NO_IMPROPER_ACTION,FAILED_TO_YIELD_RIGHT_OF_WAY_103
2485393,2,OTHER_97,-112.133997238629,33.6107543411796,3,LEGACY_INTERSECTION_RELATED_PRIOR_2009_98,OTHER_97,PHOENIX,2010-12-06 07:49:00,NO_IMPROPER_ACTION,FAILED_TO_YIELD_RIGHT_OF_WAY_103
2485395,2,OTHER_97,-112.09947997476,33.5820743163932,1,LEGACY_INTERSECTION_RELATED_PRIOR_2009_98,OTHER_97,PHOENIX,2010-12-10 15:44:00,FAILED_TO_YIELD_RIGHT_OF_WAY_103,NO_IMPROPER_ACTION
2485568,2,ANGLE_FRONT_TO_SIDE,-111.701739716999,33.4335769662426,3,T_INTERSECTION,ANGLE_FRONT_TO_SIDE,MESA,2010-12-25 16:22:00,FAILED_TO_YIELD_RIGHT_OF_WAY_103,NO_IMPROPER_ACTION
2486010,2,ANGLE_FRONT_TO_SIDE,-112.073813097798,33.4482410804499,2,FOUR_WAY_INTERSECTION,ANGLE_FRONT_TO_SIDE,GLENDALE,2010-12-13 17:39:00,NO_IMPROPER_ACTION,INATTENTION_DISTRACTION
2486307,2,REAR_END,-112.255021894444,33.5225443735276,1,UNKNOWN_99,REAR_END,GLENDALE,2010-12-09 07:53:00,NO_IMPROPER_ACTION,SPEED_TOO_FAST_FOR_CONDITIONS+NOT_APPLICABLE_MINUS_1
2486308,2,ANGLE_FRONT_TO_SIDE,-112.186141469815,33.5783250068946,2,FOUR_WAY_INTERSECTION,ANGLE_FRONT_TO_SIDE,GLENDALE,2010-12-31 14:51:00,WALKED_ON_WRONG_SIDE_OF_ROAD,INATTENTION_DISTRACTION
2486340,2,LEFT_TURN,-112.168629323093,33.531334676221,2,FOUR_WAY_INTERSECTION,LEFT_TURN,GLENDALE,2010-12-11 16:20:00,NO_IMPROPER_ACTION,FAILED_TO_YIELD_RIGHT_OF_WAY_103
2488423,2,ANGLE_FRONT_TO_SIDE,-112.111529118513,33.8637481558691,3,T_INTERSECTION,ANGLE_FRONT_TO_SIDE,UNSPECIFIED_999,2010-12-27 17:42:00,NO_IMPROPER_ACTION,NOT_APPLICABLE_MINUS_1+NOT_APPLICABLE_MINUS_1+FAILED_TO_YIELD_RIGHT_OF_WAY_103
2488813,2,ANGLE_FRONT_TO_SIDE,-112.112883497305,33.5094492857232,3,FOUR_WAY_INTERSECTION,ANGLE_FRONT_TO_SIDE,PHOENIX,2010-12-03 16:08:00,OTHER_97,NOT_APPLICABLE_MINUS_1+NOT_APPLICABLE_MINUS_1+NOT_APPLICABLE_MINUS_1+NO_IMPROPER_ACTION
2489105,2,LEFT_TURN,-112.203056952417,33.5383208678362,2,FOUR_WAY_INTERSECTION,LEFT_TURN,GLENDALE,2010-12-20 12:37:00,DROVE_RODE_IN_OPPOSING_TRAFFIC_LANE,NOT_APPLICABLE_MINUS_1+NO_IMPROPER_ACTION
2535605,2,OTHER_97,-112.141496243966,33.4476858306601,5,NOT_AT_INTERSECTION_0,OTHER_97,PHOENIX,2010-12-23 15:04:00,MADE_IMPROPER_TURN,NO_IMPROPER_ACTION